-- MySQL dump 10.13  Distrib 5.5.53, for Win32 (AMD64)
--
-- Host: localhost    Database: banners_info
-- ------------------------------------------------------
-- Server version	5.5.53

/*!40101 SET @OLD_CHARACTER_SET_CLIENT=@@CHARACTER_SET_CLIENT */;
/*!40101 SET @OLD_CHARACTER_SET_RESULTS=@@CHARACTER_SET_RESULTS */;
/*!40101 SET @OLD_COLLATION_CONNECTION=@@COLLATION_CONNECTION */;
/*!40101 SET NAMES utf8 */;
/*!40103 SET @OLD_TIME_ZONE=@@TIME_ZONE */;
/*!40103 SET TIME_ZONE='+00:00' */;
/*!40014 SET @OLD_UNIQUE_CHECKS=@@UNIQUE_CHECKS, UNIQUE_CHECKS=0 */;
/*!40014 SET @OLD_FOREIGN_KEY_CHECKS=@@FOREIGN_KEY_CHECKS, FOREIGN_KEY_CHECKS=0 */;
/*!40101 SET @OLD_SQL_MODE=@@SQL_MODE, SQL_MODE='NO_AUTO_VALUE_ON_ZERO' */;
/*!40111 SET @OLD_SQL_NOTES=@@SQL_NOTES, SQL_NOTES=0 */;

--
-- Table structure for table `banner`
--

DROP TABLE IF EXISTS `banner`;
/*!40101 SET @saved_cs_client     = @@character_set_client */;
/*!40101 SET character_set_client = utf8 */;
CREATE TABLE `banner` (
  `id` int(11) NOT NULL AUTO_INCREMENT,
  `name` varchar(50) NOT NULL,
  `filename` varchar(100) NOT NULL,
  PRIMARY KEY (`id`)
) ENGINE=InnoDB AUTO_INCREMENT=16 DEFAULT CHARSET=utf8;
/*!40101 SET character_set_client = @saved_cs_client */;

--
-- Dumping data for table `banner`
--

LOCK TABLES `banner` WRITE;
/*!40000 ALTER TABLE `banner` DISABLE KEYS */;
INSERT INTO `banner` VALUES (1,'Баннер1','0001'),(2,'Баннер2','0002'),(3,'Баннер3','0003'),(4,'Баннер4','0004'),(5,'Баннер5','0005'),(6,'Баннер6','0006'),(7,'Баннер7','0007'),(8,'Баннер8','0008'),(9,'Баннер9','0009'),(10,'Баннер10','0010'),(11,'Баннер11','0011'),(12,'Баннер12','0012'),(13,'Баннер13','0013'),(14,'Баннер14','0014'),(15,'Баннер15','0015');
/*!40000 ALTER TABLE `banner` ENABLE KEYS */;
UNLOCK TABLES;

--
-- Table structure for table `banner_events`
--

DROP TABLE IF EXISTS `banner_events`;
/*!40101 SET @saved_cs_client     = @@character_set_client */;
/*!40101 SET character_set_client = utf8 */;
CREATE TABLE `banner_events` (
  `id` int(11) NOT NULL AUTO_INCREMENT,
  `event` char(50) NOT NULL,
  PRIMARY KEY (`id`)
) ENGINE=InnoDB AUTO_INCREMENT=3 DEFAULT CHARSET=utf8;
/*!40101 SET character_set_client = @saved_cs_client */;

--
-- Dumping data for table `banner_events`
--

LOCK TABLES `banner_events` WRITE;
/*!40000 ALTER TABLE `banner_events` DISABLE KEYS */;
INSERT INTO `banner_events` VALUES (1,'show'),(2,'click');
/*!40000 ALTER TABLE `banner_events` ENABLE KEYS */;
UNLOCK TABLES;

--
-- Table structure for table `banner_events_history`
--

DROP TABLE IF EXISTS `banner_events_history`;
/*!40101 SET @saved_cs_client     = @@character_set_client */;
/*!40101 SET character_set_client = utf8 */;
CREATE TABLE `banner_events_history` (
  `banner_id` int(11) NOT NULL,
  `event_id` int(11) NOT NULL,
  `event_datetime` datetime NOT NULL,
  KEY `FK_banner_events_history_banner` (`banner_id`),
  KEY `FK_banner_events_history_banner_events` (`event_id`),
  CONSTRAINT `FK_banner_events_history_banner` FOREIGN KEY (`banner_id`) REFERENCES `banner` (`id`),
  CONSTRAINT `FK_banner_events_history_banner_events` FOREIGN KEY (`event_id`) REFERENCES `banner_events` (`id`)
) ENGINE=InnoDB DEFAULT CHARSET=utf8;
/*!40101 SET character_set_client = @saved_cs_client */;

--
-- Dumping data for table `banner_events_history`
--

LOCK TABLES `banner_events_history` WRITE;
/*!40000 ALTER TABLE `banner_events_history` DISABLE KEYS */;
INSERT INTO `banner_events_history` VALUES (13,1,'2017-04-25 20:09:15'),(10,1,'2017-04-25 20:09:15'),(12,1,'2017-04-25 20:09:15'),(8,1,'2017-04-25 20:09:15'),(2,1,'2017-04-25 20:09:15'),(14,1,'2017-04-25 20:09:15'),(1,1,'2017-04-25 20:09:15'),(7,1,'2017-04-25 20:09:15'),(3,1,'2017-04-25 20:09:15'),(15,1,'2017-04-25 20:09:15'),(13,2,'2017-04-25 20:09:15'),(5,1,'2017-04-25 20:11:13'),(13,1,'2017-04-25 20:11:13'),(4,1,'2017-04-25 20:11:13'),(10,1,'2017-04-25 20:11:13'),(3,1,'2017-04-25 20:11:13'),(7,1,'2017-04-25 20:11:13'),(9,1,'2017-04-25 20:11:13'),(14,1,'2017-04-25 20:11:13'),(8,1,'2017-04-25 20:11:13'),(15,1,'2017-04-25 20:11:13'),(5,2,'2017-04-25 20:11:13'),(2,1,'2017-04-25 20:11:25'),(7,1,'2017-04-25 20:11:25'),(1,2,'2017-04-25 20:11:25'),(14,1,'2017-04-25 20:11:25'),(10,1,'2017-04-25 20:11:25'),(15,1,'2017-04-25 20:11:25'),(12,1,'2017-04-25 20:11:25'),(9,1,'2017-04-25 20:11:25'),(5,1,'2017-04-25 20:11:25'),(4,1,'2017-04-25 20:11:25'),(1,1,'2017-04-25 21:20:24'),(10,1,'2017-04-25 21:20:24'),(6,1,'2017-04-25 21:20:24'),(5,1,'2017-04-25 21:20:24'),(8,1,'2017-04-25 21:20:24'),(9,1,'2017-04-25 21:20:24'),(11,1,'2017-04-25 21:20:24'),(14,1,'2017-04-25 21:20:24'),(2,1,'2017-04-25 21:20:24'),(12,1,'2017-04-25 21:20:24'),(15,1,'2017-04-25 21:20:48'),(5,1,'2017-04-25 21:20:48'),(14,1,'2017-04-25 21:20:48'),(9,1,'2017-04-25 21:20:48'),(6,1,'2017-04-25 21:20:48'),(13,1,'2017-04-25 21:20:48'),(2,1,'2017-04-25 21:20:48'),(8,1,'2017-04-25 21:20:48'),(3,1,'2017-04-25 21:20:48'),(11,1,'2017-04-25 21:20:48'),(5,2,'2017-04-25 21:20:48'),(3,1,'2017-04-25 21:20:50'),(15,1,'2017-04-25 21:20:50'),(11,1,'2017-04-25 21:20:50'),(6,1,'2017-04-25 21:20:50'),(14,1,'2017-04-25 21:20:50'),(9,1,'2017-04-25 21:20:50'),(8,1,'2017-04-25 21:20:50'),(7,1,'2017-04-25 21:20:50'),(10,1,'2017-04-25 21:20:50'),(1,1,'2017-04-25 21:20:50'),(3,2,'2017-04-25 21:20:50'),(3,1,'2017-04-25 21:20:52'),(8,1,'2017-04-25 21:20:52'),(13,1,'2017-04-25 21:20:52'),(5,1,'2017-04-25 21:20:52'),(4,1,'2017-04-25 21:20:52'),(11,1,'2017-04-25 21:20:52'),(9,1,'2017-04-25 21:20:52'),(15,1,'2017-04-25 21:20:52'),(10,1,'2017-04-25 21:20:52'),(6,1,'2017-04-25 21:20:52'),(8,2,'2017-04-25 21:20:52'),(15,1,'2017-04-25 21:20:53'),(6,1,'2017-04-25 21:20:53'),(7,1,'2017-04-25 21:20:53'),(4,1,'2017-04-25 21:20:53'),(3,1,'2017-04-25 21:20:53'),(9,1,'2017-04-25 21:20:53'),(8,1,'2017-04-25 21:20:53'),(11,1,'2017-04-25 21:20:53'),(13,1,'2017-04-25 21:20:53'),(1,1,'2017-04-25 21:20:53'),(13,1,'2017-04-25 21:21:06'),(11,1,'2017-04-25 21:21:06'),(6,1,'2017-04-25 21:21:06'),(4,1,'2017-04-25 21:21:06'),(2,1,'2017-04-25 21:21:06'),(1,1,'2017-04-25 21:21:06'),(8,1,'2017-04-25 21:21:06'),(3,1,'2017-04-25 21:21:06'),(5,1,'2017-04-25 21:21:06'),(14,1,'2017-04-25 21:21:06'),(13,2,'2017-04-25 21:21:06'),(15,1,'2017-04-25 21:21:07'),(4,1,'2017-04-25 21:21:07'),(9,1,'2017-04-25 21:21:07'),(11,1,'2017-04-25 21:21:07'),(3,1,'2017-04-25 21:21:07'),(6,1,'2017-04-25 21:21:07'),(7,1,'2017-04-25 21:21:07'),(13,1,'2017-04-25 21:21:07'),(5,1,'2017-04-25 21:21:07'),(2,1,'2017-04-25 21:21:07'),(1,1,'2017-04-25 21:26:38'),(14,1,'2017-04-25 21:26:38'),(7,1,'2017-04-25 21:26:38'),(12,1,'2017-04-25 21:26:38'),(15,1,'2017-04-25 21:26:38'),(9,1,'2017-04-25 21:26:38'),(8,1,'2017-04-25 21:26:38'),(3,1,'2017-04-25 21:26:38'),(11,1,'2017-04-25 21:26:38'),(2,1,'2017-04-25 21:26:38'),(2,1,'2017-04-25 21:27:08'),(11,1,'2017-04-25 21:27:08'),(5,1,'2017-04-25 21:27:08'),(14,1,'2017-04-25 21:27:08'),(9,1,'2017-04-25 21:27:08'),(3,1,'2017-04-25 21:27:08'),(8,1,'2017-04-25 21:27:08'),(10,1,'2017-04-25 21:27:08'),(12,1,'2017-04-25 21:27:08'),(1,1,'2017-04-25 21:27:08'),(11,1,'2017-04-25 21:56:56'),(8,1,'2017-04-25 21:56:56'),(2,1,'2017-04-25 21:56:56'),(3,1,'2017-04-25 21:56:56'),(14,1,'2017-04-25 21:56:56'),(12,1,'2017-04-25 21:56:56'),(6,1,'2017-04-25 21:56:56'),(13,1,'2017-04-25 21:56:56'),(5,1,'2017-04-25 21:56:56'),(9,1,'2017-04-25 21:56:56'),(11,2,'2017-04-25 21:56:56'),(7,1,'2017-04-25 21:56:59'),(8,1,'2017-04-25 21:56:59'),(15,1,'2017-04-25 21:56:59'),(1,1,'2017-04-25 21:56:59'),(6,1,'2017-04-25 21:56:59'),(10,1,'2017-04-25 21:56:59'),(5,1,'2017-04-25 21:56:59'),(13,1,'2017-04-25 21:56:59'),(11,1,'2017-04-25 21:56:59'),(12,1,'2017-04-25 21:56:59'),(11,1,'2017-04-25 23:05:44'),(4,1,'2017-04-25 23:05:44'),(7,1,'2017-04-25 23:05:44'),(6,1,'2017-04-25 23:05:44'),(10,1,'2017-04-25 23:05:44'),(14,1,'2017-04-25 23:05:44'),(12,1,'2017-04-25 23:05:44'),(8,1,'2017-04-25 23:05:44'),(13,1,'2017-04-25 23:05:44'),(3,1,'2017-04-25 23:05:44'),(4,2,'2017-04-25 23:05:44'),(9,1,'2017-04-25 23:05:46'),(10,1,'2017-04-25 23:05:46'),(13,1,'2017-04-25 23:05:46'),(6,1,'2017-04-25 23:05:46'),(4,1,'2017-04-25 23:05:46'),(8,1,'2017-04-25 23:05:46'),(3,1,'2017-04-25 23:05:46'),(15,1,'2017-04-25 23:05:46'),(12,1,'2017-04-25 23:05:46'),(7,1,'2017-04-25 23:05:46'),(13,2,'2017-04-25 23:05:46'),(3,1,'2017-04-25 23:05:47'),(5,1,'2017-04-25 23:05:47'),(11,1,'2017-04-25 23:05:47'),(15,1,'2017-04-25 23:05:47'),(14,1,'2017-04-25 23:05:47'),(4,1,'2017-04-25 23:05:47'),(1,1,'2017-04-25 23:05:47'),(7,1,'2017-04-25 23:05:47'),(9,1,'2017-04-25 23:05:47'),(10,1,'2017-04-25 23:05:47'),(15,2,'2017-04-25 23:05:47'),(1,1,'2017-04-25 23:05:48'),(12,1,'2017-04-25 23:05:48'),(6,1,'2017-04-25 23:05:48'),(9,1,'2017-04-25 23:05:48'),(10,1,'2017-04-25 23:05:48'),(2,1,'2017-04-25 23:05:48'),(15,1,'2017-04-25 23:05:48'),(7,1,'2017-04-25 23:05:48'),(5,1,'2017-04-25 23:05:48'),(8,1,'2017-04-25 23:05:48'),(15,2,'2017-04-25 23:05:48'),(12,1,'2017-04-25 23:05:48'),(6,1,'2017-04-25 23:05:48'),(5,1,'2017-04-25 23:05:48'),(7,1,'2017-04-25 23:05:48'),(11,1,'2017-04-25 23:05:48'),(13,1,'2017-04-25 23:05:48'),(2,1,'2017-04-25 23:05:48'),(8,1,'2017-04-25 23:05:48'),(14,1,'2017-04-25 23:05:48'),(1,1,'2017-04-25 23:05:48'),(6,2,'2017-04-25 23:05:48'),(11,1,'2017-04-25 23:05:49'),(5,1,'2017-04-25 23:05:49'),(2,1,'2017-04-25 23:05:49'),(9,1,'2017-04-25 23:05:49'),(4,1,'2017-04-25 23:05:49'),(10,1,'2017-04-25 23:05:49'),(14,1,'2017-04-25 23:05:49'),(6,1,'2017-04-25 23:05:49'),(15,1,'2017-04-25 23:05:49'),(1,1,'2017-04-25 23:05:49'),(2,2,'2017-04-25 23:05:49'),(12,1,'2017-04-25 23:05:50'),(3,1,'2017-04-25 23:05:50'),(2,1,'2017-04-25 23:05:50'),(5,1,'2017-04-25 23:05:50'),(14,1,'2017-04-25 23:05:50'),(8,1,'2017-04-25 23:05:50'),(1,1,'2017-04-25 23:05:50'),(10,1,'2017-04-25 23:05:50'),(11,1,'2017-04-25 23:05:50'),(13,1,'2017-04-25 23:05:50'),(1,1,'2017-04-25 23:07:50'),(10,1,'2017-04-25 23:07:50'),(14,1,'2017-04-25 23:07:50'),(2,1,'2017-04-25 23:07:50'),(9,1,'2017-04-25 23:07:50'),(7,1,'2017-04-25 23:07:50'),(3,1,'2017-04-25 23:07:50'),(4,1,'2017-04-25 23:07:50'),(6,1,'2017-04-25 23:07:50'),(5,1,'2017-04-25 23:07:50'),(9,1,'2017-04-25 23:08:33'),(10,1,'2017-04-25 23:08:33'),(3,1,'2017-04-25 23:08:33'),(8,1,'2017-04-25 23:08:33'),(4,1,'2017-04-25 23:08:33'),(2,1,'2017-04-25 23:08:33'),(15,1,'2017-04-25 23:08:33'),(11,1,'2017-04-25 23:08:33'),(13,1,'2017-04-25 23:08:33'),(14,1,'2017-04-25 23:08:33'),(8,1,'2017-04-25 23:09:07'),(6,1,'2017-04-25 23:09:07'),(10,1,'2017-04-25 23:09:07'),(4,1,'2017-04-25 23:09:07'),(9,1,'2017-04-25 23:09:07'),(2,1,'2017-04-25 23:09:07'),(15,1,'2017-04-25 23:09:07'),(13,1,'2017-04-25 23:09:07'),(12,1,'2017-04-25 23:09:07'),(7,1,'2017-04-25 23:09:07'),(14,1,'2017-04-25 23:09:26'),(5,1,'2017-04-25 23:09:26'),(10,1,'2017-04-25 23:09:26'),(12,1,'2017-04-25 23:09:26'),(3,1,'2017-04-25 23:09:26'),(11,1,'2017-04-25 23:09:26'),(6,1,'2017-04-25 23:09:26'),(13,1,'2017-04-25 23:09:26'),(15,1,'2017-04-25 23:09:26'),(2,1,'2017-04-25 23:09:26'),(11,1,'2017-04-25 23:12:27'),(4,1,'2017-04-25 23:12:27'),(7,1,'2017-04-25 23:12:27'),(8,1,'2017-04-25 23:12:27'),(6,1,'2017-04-25 23:12:27'),(2,1,'2017-04-25 23:12:27'),(1,1,'2017-04-25 23:12:27'),(9,1,'2017-04-25 23:12:27'),(13,1,'2017-04-25 23:12:27'),(3,1,'2017-04-25 23:12:27'),(4,1,'2017-04-25 23:13:24'),(10,1,'2017-04-25 23:13:24'),(11,1,'2017-04-25 23:13:24'),(2,1,'2017-04-25 23:13:24'),(9,1,'2017-04-25 23:13:24'),(15,1,'2017-04-25 23:13:24'),(14,1,'2017-04-25 23:13:24'),(6,1,'2017-04-25 23:13:24'),(12,1,'2017-04-25 23:13:24'),(3,1,'2017-04-25 23:13:24'),(6,1,'2017-04-25 23:13:36'),(12,1,'2017-04-25 23:13:36'),(15,1,'2017-04-25 23:13:36'),(13,1,'2017-04-25 23:13:36'),(10,1,'2017-04-25 23:13:36'),(9,1,'2017-04-25 23:13:36'),(7,1,'2017-04-25 23:13:36'),(1,1,'2017-04-25 23:13:36'),(4,1,'2017-04-25 23:13:36'),(2,1,'2017-04-25 23:13:36'),(6,1,'2017-04-25 23:21:01'),(7,1,'2017-04-25 23:21:01'),(8,1,'2017-04-25 23:21:01'),(2,1,'2017-04-25 23:21:01'),(12,1,'2017-04-25 23:21:01'),(10,1,'2017-04-25 23:21:01'),(3,1,'2017-04-25 23:21:01'),(11,1,'2017-04-25 23:21:01'),(5,1,'2017-04-25 23:21:01'),(9,1,'2017-04-25 23:21:01'),(9,1,'2017-04-25 23:23:32'),(15,1,'2017-04-25 23:23:32'),(6,1,'2017-04-25 23:23:32'),(13,1,'2017-04-25 23:23:32'),(8,1,'2017-04-25 23:23:32'),(11,1,'2017-04-25 23:23:32'),(3,1,'2017-04-25 23:23:32'),(2,1,'2017-04-25 23:23:32'),(12,1,'2017-04-25 23:23:32'),(1,1,'2017-04-25 23:23:32'),(6,1,'2017-04-25 23:26:03'),(14,1,'2017-04-25 23:26:03'),(11,1,'2017-04-25 23:26:03'),(3,1,'2017-04-25 23:26:03'),(2,1,'2017-04-25 23:26:03'),(5,1,'2017-04-25 23:26:03'),(1,1,'2017-04-25 23:26:03'),(9,1,'2017-04-25 23:26:03'),(4,1,'2017-04-25 23:26:03'),(8,1,'2017-04-25 23:26:03'),(10,1,'2017-04-25 23:26:42'),(4,1,'2017-04-25 23:26:42'),(12,1,'2017-04-25 23:26:42'),(9,1,'2017-04-25 23:26:42'),(13,1,'2017-04-25 23:26:42'),(2,1,'2017-04-25 23:26:42'),(7,1,'2017-04-25 23:26:42'),(3,1,'2017-04-25 23:26:42'),(8,1,'2017-04-25 23:26:42'),(11,1,'2017-04-25 23:26:42'),(2,1,'2017-04-25 23:28:56'),(12,1,'2017-04-25 23:28:56'),(8,1,'2017-04-25 23:28:56'),(11,1,'2017-04-25 23:28:56'),(4,1,'2017-04-25 23:28:56'),(10,1,'2017-04-25 23:28:56'),(15,1,'2017-04-25 23:28:56'),(5,1,'2017-04-25 23:28:56'),(14,1,'2017-04-25 23:28:56'),(9,1,'2017-04-25 23:28:56'),(13,1,'2017-04-25 23:30:03'),(14,1,'2017-04-25 23:30:03'),(2,1,'2017-04-25 23:30:03'),(7,1,'2017-04-25 23:30:03'),(15,1,'2017-04-25 23:30:03'),(5,1,'2017-04-25 23:30:03'),(12,1,'2017-04-25 23:30:03'),(1,1,'2017-04-25 23:30:03'),(4,1,'2017-04-25 23:30:03'),(11,1,'2017-04-25 23:30:03'),(15,1,'2017-04-25 23:31:55'),(3,1,'2017-04-25 23:31:55'),(12,1,'2017-04-25 23:31:55'),(14,1,'2017-04-25 23:31:55'),(13,1,'2017-04-25 23:31:55'),(8,1,'2017-04-25 23:31:55'),(1,1,'2017-04-25 23:31:55'),(7,1,'2017-04-25 23:31:55'),(4,1,'2017-04-25 23:31:55'),(9,1,'2017-04-25 23:31:55'),(11,1,'2017-04-25 23:32:22'),(10,1,'2017-04-25 23:32:22'),(3,1,'2017-04-25 23:32:22'),(4,1,'2017-04-25 23:32:22'),(1,1,'2017-04-25 23:32:22'),(9,1,'2017-04-25 23:32:22'),(2,1,'2017-04-25 23:32:22'),(13,1,'2017-04-25 23:32:22'),(12,1,'2017-04-25 23:32:22'),(14,1,'2017-04-25 23:32:22'),(6,1,'2017-04-25 23:36:29'),(2,1,'2017-04-25 23:36:29'),(8,1,'2017-04-25 23:36:29'),(12,1,'2017-04-25 23:36:29'),(4,1,'2017-04-25 23:36:29'),(5,1,'2017-04-25 23:36:29'),(11,1,'2017-04-25 23:36:29'),(13,1,'2017-04-25 23:36:29'),(3,1,'2017-04-25 23:36:29'),(9,1,'2017-04-25 23:36:29'),(9,1,'2017-04-25 23:40:16'),(10,1,'2017-04-25 23:40:16'),(11,1,'2017-04-25 23:40:16'),(12,1,'2017-04-25 23:40:16'),(3,1,'2017-04-25 23:40:16'),(7,1,'2017-04-25 23:40:16'),(5,1,'2017-04-25 23:40:16'),(8,1,'2017-04-25 23:40:16'),(2,1,'2017-04-25 23:40:16'),(14,1,'2017-04-25 23:40:16'),(13,1,'2017-04-25 23:41:46'),(7,1,'2017-04-25 23:41:46'),(15,1,'2017-04-25 23:41:46'),(8,1,'2017-04-25 23:41:46'),(14,1,'2017-04-25 23:41:46'),(9,1,'2017-04-25 23:41:46'),(2,1,'2017-04-25 23:41:46'),(1,1,'2017-04-25 23:41:46'),(6,1,'2017-04-25 23:41:46'),(5,1,'2017-04-25 23:41:46'),(4,1,'2017-04-25 23:42:18'),(1,1,'2017-04-25 23:42:18'),(2,1,'2017-04-25 23:42:18'),(14,1,'2017-04-25 23:42:18'),(12,1,'2017-04-25 23:42:18'),(7,1,'2017-04-25 23:42:18'),(3,1,'2017-04-25 23:42:18'),(5,1,'2017-04-25 23:42:18'),(9,1,'2017-04-25 23:42:18'),(15,1,'2017-04-25 23:42:18'),(1,1,'2017-04-25 23:42:38'),(8,1,'2017-04-25 23:42:38'),(14,1,'2017-04-25 23:42:38'),(2,1,'2017-04-25 23:42:38'),(5,1,'2017-04-25 23:42:38'),(10,1,'2017-04-25 23:42:38'),(9,1,'2017-04-25 23:42:38'),(13,1,'2017-04-25 23:42:38'),(15,1,'2017-04-25 23:42:38'),(6,1,'2017-04-25 23:42:38'),(15,1,'2017-04-25 23:44:08'),(7,1,'2017-04-25 23:44:08'),(13,1,'2017-04-25 23:44:08'),(1,1,'2017-04-25 23:44:08'),(9,1,'2017-04-25 23:44:08'),(3,1,'2017-04-25 23:44:08'),(10,1,'2017-04-25 23:44:08'),(12,1,'2017-04-25 23:44:08'),(4,1,'2017-04-25 23:44:08'),(2,1,'2017-04-25 23:44:08'),(7,1,'2017-04-25 23:45:30'),(15,1,'2017-04-25 23:45:30'),(14,1,'2017-04-25 23:45:30'),(4,1,'2017-04-25 23:45:30'),(5,1,'2017-04-25 23:45:30'),(3,1,'2017-04-25 23:45:30'),(12,1,'2017-04-25 23:45:30'),(13,1,'2017-04-25 23:45:30'),(11,1,'2017-04-25 23:45:30'),(6,1,'2017-04-25 23:45:30'),(2,1,'2017-04-25 23:46:22'),(3,1,'2017-04-25 23:46:22'),(8,1,'2017-04-25 23:46:22'),(9,1,'2017-04-25 23:46:22'),(12,1,'2017-04-25 23:46:22'),(4,1,'2017-04-25 23:46:22'),(10,1,'2017-04-25 23:46:22'),(6,1,'2017-04-25 23:46:22'),(1,1,'2017-04-25 23:46:22'),(7,1,'2017-04-25 23:46:22'),(3,1,'2017-04-26 08:56:33'),(12,1,'2017-04-26 08:56:33'),(15,1,'2017-04-26 08:56:33'),(6,1,'2017-04-26 08:56:33'),(7,1,'2017-04-26 08:56:33'),(1,1,'2017-04-26 08:56:33'),(14,1,'2017-04-26 08:56:33'),(11,1,'2017-04-26 08:56:33'),(9,1,'2017-04-26 08:56:33'),(8,1,'2017-04-26 08:56:33'),(15,1,'2017-04-26 08:57:33'),(11,1,'2017-04-26 08:57:33'),(8,1,'2017-04-26 08:57:33'),(3,1,'2017-04-26 08:57:33'),(13,1,'2017-04-26 08:57:33'),(7,1,'2017-04-26 08:57:33'),(2,1,'2017-04-26 08:57:33'),(14,1,'2017-04-26 08:57:33'),(5,1,'2017-04-26 08:57:33'),(6,1,'2017-04-26 08:57:33'),(3,1,'2017-04-26 09:07:43'),(1,1,'2017-04-26 09:07:43'),(6,1,'2017-04-26 09:07:43'),(14,1,'2017-04-26 09:07:43'),(12,1,'2017-04-26 09:07:43'),(11,1,'2017-04-26 09:07:43'),(10,1,'2017-04-26 09:07:43'),(4,1,'2017-04-26 09:07:43'),(13,1,'2017-04-26 09:07:43'),(7,1,'2017-04-26 09:07:43'),(6,1,'2017-04-26 09:10:54'),(11,1,'2017-04-26 09:10:54'),(8,1,'2017-04-26 09:10:54'),(7,1,'2017-04-26 09:10:54'),(4,1,'2017-04-26 09:10:54'),(3,1,'2017-04-26 09:10:54'),(1,1,'2017-04-26 09:10:54'),(12,1,'2017-04-26 09:10:54'),(13,1,'2017-04-26 09:10:54'),(15,1,'2017-04-26 09:10:54'),(14,1,'2017-04-26 09:11:46'),(5,1,'2017-04-26 09:11:46'),(1,1,'2017-04-26 09:11:46'),(2,1,'2017-04-26 09:11:46'),(4,1,'2017-04-26 09:11:46'),(11,1,'2017-04-26 09:11:46'),(9,1,'2017-04-26 09:11:46'),(15,1,'2017-04-26 09:11:46'),(7,1,'2017-04-26 09:11:46'),(10,1,'2017-04-26 09:11:46'),(10,1,'2017-04-26 09:12:38'),(6,1,'2017-04-26 09:12:38'),(2,1,'2017-04-26 09:12:38'),(4,1,'2017-04-26 09:12:38'),(1,1,'2017-04-26 09:12:38'),(5,1,'2017-04-26 09:12:38'),(7,1,'2017-04-26 09:12:38'),(15,1,'2017-04-26 09:12:38'),(13,1,'2017-04-26 09:12:38'),(11,1,'2017-04-26 09:12:38'),(7,1,'2017-04-26 09:12:59'),(9,1,'2017-04-26 09:12:59'),(11,1,'2017-04-26 09:12:59'),(6,1,'2017-04-26 09:12:59'),(1,1,'2017-04-26 09:12:59'),(13,1,'2017-04-26 09:12:59'),(5,1,'2017-04-26 09:12:59'),(3,1,'2017-04-26 09:12:59'),(15,1,'2017-04-26 09:12:59'),(10,1,'2017-04-26 09:12:59'),(3,1,'2017-04-26 09:13:13'),(15,1,'2017-04-26 09:13:13'),(5,1,'2017-04-26 09:13:13'),(1,1,'2017-04-26 09:13:13'),(4,1,'2017-04-26 09:13:13'),(2,1,'2017-04-26 09:13:13'),(13,1,'2017-04-26 09:13:13'),(14,1,'2017-04-26 09:13:13'),(12,1,'2017-04-26 09:13:13'),(10,1,'2017-04-26 09:13:13'),(10,1,'2017-04-26 09:13:24'),(6,1,'2017-04-26 09:13:24'),(8,1,'2017-04-26 09:13:24'),(11,1,'2017-04-26 09:13:24'),(14,1,'2017-04-26 09:13:24'),(7,1,'2017-04-26 09:13:24'),(4,1,'2017-04-26 09:13:24'),(3,1,'2017-04-26 09:13:24'),(5,1,'2017-04-26 09:13:24'),(9,1,'2017-04-26 09:13:24'),(13,1,'2017-04-26 09:51:06'),(4,1,'2017-04-26 09:51:06'),(11,1,'2017-04-26 09:51:06'),(6,1,'2017-04-26 09:51:06'),(14,1,'2017-04-26 09:51:06'),(15,1,'2017-04-26 09:51:06'),(7,1,'2017-04-26 09:51:06'),(1,1,'2017-04-26 09:51:06'),(3,1,'2017-04-26 09:51:06'),(9,1,'2017-04-26 09:51:06'),(4,1,'2017-04-26 09:51:14'),(2,1,'2017-04-26 09:51:14'),(1,1,'2017-04-26 09:51:14'),(14,1,'2017-04-26 09:51:14'),(15,1,'2017-04-26 09:51:14'),(10,1,'2017-04-26 09:51:14'),(9,1,'2017-04-26 09:51:14'),(11,1,'2017-04-26 09:51:14'),(8,1,'2017-04-26 09:51:14'),(6,1,'2017-04-26 09:51:14'),(13,1,'2017-04-26 10:06:28'),(14,1,'2017-04-26 10:06:28'),(3,1,'2017-04-26 10:06:28'),(15,1,'2017-04-26 10:06:28'),(5,1,'2017-04-26 10:06:28'),(11,1,'2017-04-26 10:06:28'),(12,1,'2017-04-26 10:06:28'),(9,1,'2017-04-26 10:06:28'),(4,1,'2017-04-26 10:06:28'),(7,1,'2017-04-26 10:06:28'),(13,1,'2017-04-26 10:40:24'),(6,1,'2017-04-26 10:40:24'),(7,1,'2017-04-26 10:40:24'),(14,1,'2017-04-26 10:40:24'),(10,1,'2017-04-26 10:40:24'),(8,1,'2017-04-26 10:40:24'),(11,1,'2017-04-26 10:40:24'),(9,1,'2017-04-26 10:40:24'),(1,1,'2017-04-26 10:40:24'),(2,1,'2017-04-26 10:40:24'),(12,1,'2017-04-26 10:45:35'),(11,1,'2017-04-26 10:45:35'),(6,1,'2017-04-26 10:45:35'),(9,1,'2017-04-26 10:45:35'),(15,1,'2017-04-26 10:45:35'),(10,1,'2017-04-26 10:45:35'),(7,1,'2017-04-26 10:45:35'),(2,1,'2017-04-26 10:45:35'),(5,1,'2017-04-26 10:45:35'),(8,1,'2017-04-26 10:45:35'),(1,1,'2017-04-26 10:55:01'),(11,1,'2017-04-26 10:55:01'),(14,1,'2017-04-26 10:55:01'),(2,1,'2017-04-26 10:55:01'),(9,1,'2017-04-26 10:55:01'),(13,1,'2017-04-26 10:55:01'),(6,1,'2017-04-26 10:55:01'),(5,1,'2017-04-26 10:55:01'),(12,1,'2017-04-26 10:55:01'),(15,1,'2017-04-26 10:55:01'),(13,2,'2017-04-26 10:55:01'),(14,1,'2017-04-26 10:55:02'),(3,1,'2017-04-26 10:55:02'),(6,1,'2017-04-26 10:55:02'),(5,1,'2017-04-26 10:55:02'),(2,1,'2017-04-26 10:55:02'),(7,1,'2017-04-26 10:55:02'),(13,1,'2017-04-26 10:55:02'),(15,1,'2017-04-26 10:55:02'),(1,1,'2017-04-26 10:55:02'),(9,1,'2017-04-26 10:55:02'),(3,2,'2017-04-26 10:55:02'),(1,1,'2017-04-26 10:55:03'),(15,1,'2017-04-26 10:55:03'),(6,1,'2017-04-26 10:55:03'),(12,1,'2017-04-26 10:55:03'),(14,1,'2017-04-26 10:55:03'),(11,1,'2017-04-26 10:55:03'),(5,1,'2017-04-26 10:55:03'),(7,1,'2017-04-26 10:55:03'),(13,1,'2017-04-26 10:55:03'),(4,1,'2017-04-26 10:55:03'),(6,2,'2017-04-26 10:55:03'),(2,1,'2017-04-26 10:55:04'),(12,1,'2017-04-26 10:55:04'),(4,1,'2017-04-26 10:55:04'),(5,1,'2017-04-26 10:55:04'),(9,1,'2017-04-26 10:55:04'),(6,1,'2017-04-26 10:55:04'),(7,1,'2017-04-26 10:55:04'),(15,1,'2017-04-26 10:55:04'),(10,1,'2017-04-26 10:55:04'),(14,1,'2017-04-26 10:55:04'),(7,2,'2017-04-26 10:55:04'),(5,1,'2017-04-26 10:55:05'),(3,1,'2017-04-26 10:55:05'),(12,1,'2017-04-26 10:55:05'),(13,1,'2017-04-26 10:55:05'),(2,1,'2017-04-26 10:55:05'),(14,1,'2017-04-26 10:55:05'),(8,1,'2017-04-26 10:55:05'),(7,1,'2017-04-26 10:55:05'),(10,1,'2017-04-26 10:55:05'),(9,1,'2017-04-26 10:55:05'),(14,2,'2017-04-26 10:55:05'),(10,1,'2017-04-26 10:55:06'),(12,1,'2017-04-26 10:55:06'),(5,1,'2017-04-26 10:55:06'),(2,1,'2017-04-26 10:55:06'),(8,1,'2017-04-26 10:55:06'),(6,1,'2017-04-26 10:55:06'),(9,1,'2017-04-26 10:55:06'),(14,1,'2017-04-26 10:55:06'),(15,1,'2017-04-26 10:55:06'),(7,1,'2017-04-26 10:55:06'),(10,2,'2017-04-26 10:55:06'),(7,1,'2017-04-26 10:55:07'),(8,1,'2017-04-26 10:55:07'),(5,1,'2017-04-26 10:55:07'),(15,1,'2017-04-26 10:55:07'),(13,1,'2017-04-26 10:55:07'),(6,1,'2017-04-26 10:55:07'),(14,1,'2017-04-26 10:55:07'),(9,1,'2017-04-26 10:55:07'),(3,1,'2017-04-26 10:55:07'),(1,1,'2017-04-26 10:55:07'),(8,2,'2017-04-26 10:55:07'),(14,1,'2017-04-26 10:55:08'),(13,1,'2017-04-26 10:55:08'),(1,1,'2017-04-26 10:55:08'),(3,1,'2017-04-26 10:55:08'),(9,1,'2017-04-26 10:55:08'),(8,1,'2017-04-26 10:55:08'),(6,1,'2017-04-26 10:55:08'),(11,1,'2017-04-26 10:55:08'),(12,1,'2017-04-26 10:55:08'),(7,1,'2017-04-26 10:55:08'),(8,2,'2017-04-26 10:55:08'),(4,1,'2017-04-26 10:55:09'),(10,1,'2017-04-26 10:55:09'),(15,1,'2017-04-26 10:55:09'),(3,1,'2017-04-26 10:55:09'),(2,1,'2017-04-26 10:55:09'),(13,1,'2017-04-26 10:55:09'),(11,1,'2017-04-26 10:55:09'),(1,1,'2017-04-26 10:55:09'),(7,1,'2017-04-26 10:55:09'),(5,1,'2017-04-26 10:55:09'),(2,2,'2017-04-26 10:55:09'),(6,1,'2017-04-26 10:55:09'),(1,1,'2017-04-26 10:55:09'),(15,1,'2017-04-26 10:55:09'),(9,1,'2017-04-26 10:55:09'),(7,1,'2017-04-26 10:55:09'),(11,1,'2017-04-26 10:55:09'),(2,1,'2017-04-26 10:55:09'),(14,1,'2017-04-26 10:55:09'),(4,1,'2017-04-26 10:55:09'),(12,1,'2017-04-26 10:55:09'),(5,1,'2017-04-26 11:08:29'),(6,1,'2017-04-26 11:08:29'),(4,1,'2017-04-26 11:08:29'),(12,1,'2017-04-26 11:08:29'),(11,1,'2017-04-26 11:08:29'),(3,1,'2017-04-26 11:08:29'),(9,1,'2017-04-26 11:08:29'),(7,1,'2017-04-26 11:08:29'),(13,1,'2017-04-26 11:08:29'),(15,1,'2017-04-26 11:08:29'),(1,1,'2017-04-26 11:09:07'),(14,1,'2017-04-26 11:09:07'),(15,1,'2017-04-26 11:09:07'),(11,1,'2017-04-26 11:09:07'),(2,1,'2017-04-26 11:09:07'),(6,1,'2017-04-26 11:09:07'),(9,1,'2017-04-26 11:09:07'),(12,1,'2017-04-26 11:09:07'),(13,1,'2017-04-26 11:09:07'),(7,1,'2017-04-26 11:09:07'),(11,1,'2017-04-26 11:09:27'),(12,1,'2017-04-26 11:09:27'),(14,1,'2017-04-26 11:09:27'),(15,1,'2017-04-26 11:09:27'),(4,1,'2017-04-26 11:09:27'),(10,1,'2017-04-26 11:09:27'),(1,1,'2017-04-26 11:09:27'),(13,1,'2017-04-26 11:09:27'),(2,1,'2017-04-26 11:09:27'),(8,1,'2017-04-26 11:09:27'),(2,1,'2017-04-26 11:10:01'),(5,1,'2017-04-26 11:10:01'),(1,1,'2017-04-26 11:10:01'),(14,1,'2017-04-26 11:10:01'),(7,1,'2017-04-26 11:10:01'),(6,1,'2017-04-26 11:10:01'),(13,1,'2017-04-26 11:10:01'),(12,1,'2017-04-26 11:10:01'),(4,1,'2017-04-26 11:10:01'),(8,1,'2017-04-26 11:10:01'),(11,1,'2017-04-26 11:10:50'),(5,1,'2017-04-26 11:10:50'),(1,1,'2017-04-26 11:10:50'),(4,1,'2017-04-26 11:10:50'),(6,1,'2017-04-26 11:10:50'),(14,1,'2017-04-26 11:10:50'),(9,1,'2017-04-26 11:10:50'),(8,1,'2017-04-26 11:10:50'),(2,1,'2017-04-26 11:10:50'),(12,1,'2017-04-26 11:10:50'),(15,1,'2017-04-26 11:11:45'),(8,1,'2017-04-26 11:11:45'),(13,1,'2017-04-26 11:11:45'),(9,1,'2017-04-26 11:11:45'),(3,1,'2017-04-26 11:11:45'),(14,1,'2017-04-26 11:11:45'),(1,1,'2017-04-26 11:11:45'),(5,1,'2017-04-26 11:11:45'),(6,1,'2017-04-26 11:11:45'),(2,1,'2017-04-26 11:11:45'),(4,1,'2017-04-26 11:17:15'),(1,1,'2017-04-26 11:17:15'),(9,1,'2017-04-26 11:17:15'),(8,1,'2017-04-26 11:17:15'),(2,1,'2017-04-26 11:17:15'),(13,1,'2017-04-26 11:17:15'),(15,1,'2017-04-26 11:17:15'),(11,1,'2017-04-26 11:17:15'),(3,1,'2017-04-26 11:17:15'),(6,1,'2017-04-26 11:17:15'),(11,1,'2017-04-26 11:18:08'),(15,1,'2017-04-26 11:18:08'),(1,1,'2017-04-26 11:18:08'),(7,1,'2017-04-26 11:18:08'),(6,1,'2017-04-26 11:18:08'),(4,1,'2017-04-26 11:18:08'),(8,1,'2017-04-26 11:18:08'),(13,1,'2017-04-26 11:18:08'),(9,1,'2017-04-26 11:18:08'),(5,1,'2017-04-26 11:18:08'),(3,1,'2017-04-26 11:26:23'),(11,1,'2017-04-26 11:26:23'),(1,1,'2017-04-26 11:26:23'),(4,1,'2017-04-26 11:26:23'),(14,1,'2017-04-26 11:26:23'),(9,1,'2017-04-26 11:26:23'),(13,1,'2017-04-26 11:26:23'),(5,1,'2017-04-26 11:26:23'),(7,1,'2017-04-26 11:26:23'),(8,1,'2017-04-26 11:26:23'),(3,1,'2017-04-26 11:27:02'),(8,1,'2017-04-26 11:27:02'),(7,1,'2017-04-26 11:27:02'),(11,1,'2017-04-26 11:27:02'),(10,1,'2017-04-26 11:27:02'),(14,1,'2017-04-26 11:27:02'),(12,1,'2017-04-26 11:27:02'),(4,1,'2017-04-26 11:27:02'),(13,1,'2017-04-26 11:27:02'),(15,1,'2017-04-26 11:27:02'),(9,1,'2017-04-26 11:30:52'),(15,1,'2017-04-26 11:30:52'),(4,1,'2017-04-26 11:30:52'),(6,1,'2017-04-26 11:30:52'),(3,1,'2017-04-26 11:30:52'),(8,1,'2017-04-26 11:30:52'),(13,1,'2017-04-26 11:30:52'),(5,1,'2017-04-26 11:30:52'),(1,1,'2017-04-26 11:30:52'),(10,1,'2017-04-26 11:30:52'),(1,1,'2017-04-26 11:39:59'),(12,1,'2017-04-26 11:39:59'),(15,1,'2017-04-26 11:39:59'),(13,1,'2017-04-26 11:39:59'),(8,1,'2017-04-26 11:39:59'),(2,1,'2017-04-26 11:39:59'),(11,1,'2017-04-26 11:39:59'),(14,1,'2017-04-26 11:39:59'),(9,1,'2017-04-26 11:39:59'),(10,1,'2017-04-26 11:39:59'),(10,1,'2017-04-26 11:54:30'),(11,1,'2017-04-26 11:54:30'),(14,1,'2017-04-26 11:54:30'),(1,1,'2017-04-26 11:54:30'),(7,1,'2017-04-26 11:54:30'),(6,1,'2017-04-26 11:54:30'),(12,1,'2017-04-26 11:54:30'),(15,1,'2017-04-26 11:54:30'),(3,1,'2017-04-26 11:54:30'),(4,1,'2017-04-26 11:54:30'),(1,1,'2017-04-26 11:58:35'),(7,1,'2017-04-26 11:58:35'),(12,1,'2017-04-26 11:58:35'),(10,1,'2017-04-26 11:58:35'),(3,1,'2017-04-26 11:58:35'),(4,1,'2017-04-26 11:58:35'),(14,1,'2017-04-26 11:58:35'),(9,1,'2017-04-26 11:58:35'),(5,1,'2017-04-26 11:58:35'),(8,1,'2017-04-26 11:58:35'),(5,1,'2017-04-26 12:04:01'),(12,1,'2017-04-26 12:04:01'),(4,1,'2017-04-26 12:04:01'),(1,1,'2017-04-26 12:04:01'),(8,1,'2017-04-26 12:04:01'),(10,1,'2017-04-26 12:04:01'),(2,1,'2017-04-26 12:04:01'),(7,1,'2017-04-26 12:04:01'),(9,1,'2017-04-26 12:04:01'),(14,1,'2017-04-26 12:04:01'),(12,1,'2017-04-26 12:04:35'),(3,1,'2017-04-26 12:04:35'),(15,1,'2017-04-26 12:04:35'),(9,1,'2017-04-26 12:04:35'),(7,1,'2017-04-26 12:04:35'),(4,1,'2017-04-26 12:04:35'),(14,1,'2017-04-26 12:04:35'),(11,1,'2017-04-26 12:04:35'),(8,1,'2017-04-26 12:04:35'),(13,1,'2017-04-26 12:04:35'),(5,1,'2017-04-26 12:06:15'),(10,1,'2017-04-26 12:06:15'),(9,1,'2017-04-26 12:06:15'),(4,1,'2017-04-26 12:06:15'),(11,1,'2017-04-26 12:06:15'),(15,1,'2017-04-26 12:06:15'),(7,1,'2017-04-26 12:06:15'),(2,1,'2017-04-26 12:06:15'),(14,1,'2017-04-26 12:06:15'),(12,1,'2017-04-26 12:06:15'),(5,1,'2017-04-26 12:07:26'),(15,1,'2017-04-26 12:07:26'),(6,1,'2017-04-26 12:07:26'),(11,1,'2017-04-26 12:07:26'),(7,1,'2017-04-26 12:07:26'),(4,1,'2017-04-26 12:07:26'),(1,1,'2017-04-26 12:07:26'),(14,1,'2017-04-26 12:07:26'),(13,1,'2017-04-26 12:07:26'),(8,1,'2017-04-26 12:07:26'),(12,1,'2017-04-26 12:14:26'),(7,1,'2017-04-26 12:14:26'),(13,1,'2017-04-26 12:14:26'),(9,1,'2017-04-26 12:14:26'),(6,1,'2017-04-26 12:14:26'),(4,1,'2017-04-26 12:14:26'),(1,1,'2017-04-26 12:14:26'),(3,1,'2017-04-26 12:14:26'),(5,1,'2017-04-26 12:14:26'),(10,1,'2017-04-26 12:14:26'),(5,1,'2017-04-26 12:15:08'),(4,1,'2017-04-26 12:15:08'),(3,1,'2017-04-26 12:15:08'),(14,1,'2017-04-26 12:15:08'),(13,1,'2017-04-26 12:15:08'),(2,1,'2017-04-26 12:15:08'),(12,1,'2017-04-26 12:15:08'),(9,1,'2017-04-26 12:15:08'),(10,1,'2017-04-26 12:15:08'),(11,1,'2017-04-26 12:15:08'),(10,1,'2017-04-26 12:21:22'),(11,1,'2017-04-26 12:21:22'),(2,1,'2017-04-26 12:21:22'),(15,1,'2017-04-26 12:21:22'),(8,1,'2017-04-26 12:21:22'),(7,1,'2017-04-26 12:21:22'),(12,1,'2017-04-26 12:21:22'),(9,1,'2017-04-26 12:21:22'),(4,1,'2017-04-26 12:21:22'),(13,1,'2017-04-26 12:21:22'),(13,1,'2017-04-26 12:23:11'),(1,1,'2017-04-26 12:23:11'),(6,1,'2017-04-26 12:23:11'),(7,1,'2017-04-26 12:23:11'),(11,1,'2017-04-26 12:23:11'),(9,1,'2017-04-26 12:23:11'),(14,1,'2017-04-26 12:23:11'),(12,1,'2017-04-26 12:23:11'),(10,1,'2017-04-26 12:23:11'),(15,1,'2017-04-26 12:23:11'),(3,1,'2017-04-26 12:26:16'),(11,1,'2017-04-26 12:26:16'),(4,1,'2017-04-26 12:26:16'),(8,1,'2017-04-26 12:26:16'),(5,1,'2017-04-26 12:26:16'),(14,1,'2017-04-26 12:26:16'),(15,1,'2017-04-26 12:26:16'),(12,1,'2017-04-26 12:26:16'),(10,1,'2017-04-26 12:26:16'),(9,1,'2017-04-26 12:26:16'),(10,1,'2017-04-26 12:28:47'),(8,1,'2017-04-26 12:28:47'),(3,1,'2017-04-26 12:28:47'),(2,1,'2017-04-26 12:28:47'),(14,1,'2017-04-26 12:28:47'),(5,1,'2017-04-26 12:28:47'),(1,1,'2017-04-26 12:28:47'),(12,1,'2017-04-26 12:28:47'),(11,1,'2017-04-26 12:28:47'),(15,1,'2017-04-26 12:28:47'),(8,1,'2017-04-26 12:30:22'),(14,1,'2017-04-26 12:30:22'),(7,1,'2017-04-26 12:30:22'),(15,1,'2017-04-26 12:30:22'),(3,1,'2017-04-26 12:30:22'),(1,1,'2017-04-26 12:30:22'),(4,1,'2017-04-26 12:30:22'),(11,1,'2017-04-26 12:30:22'),(5,1,'2017-04-26 12:30:22'),(9,1,'2017-04-26 12:30:22'),(8,1,'2017-04-26 12:31:09'),(4,1,'2017-04-26 12:31:09'),(7,1,'2017-04-26 12:31:09'),(3,1,'2017-04-26 12:31:09'),(11,1,'2017-04-26 12:31:09'),(15,1,'2017-04-26 12:31:09'),(10,1,'2017-04-26 12:31:09'),(6,1,'2017-04-26 12:31:09'),(9,1,'2017-04-26 12:31:09'),(5,1,'2017-04-26 12:31:09'),(3,1,'2017-04-26 12:52:34'),(13,1,'2017-04-26 12:52:34'),(4,1,'2017-04-26 12:52:34'),(15,1,'2017-04-26 12:52:34'),(2,1,'2017-04-26 12:52:34'),(9,1,'2017-04-26 12:52:34'),(10,1,'2017-04-26 12:52:34'),(7,1,'2017-04-26 12:52:34'),(12,1,'2017-04-26 12:52:34'),(5,1,'2017-04-26 12:52:34'),(15,1,'2017-04-26 12:52:40'),(4,1,'2017-04-26 12:52:40'),(12,1,'2017-04-26 12:52:40'),(9,1,'2017-04-26 12:52:40'),(1,1,'2017-04-26 12:52:40'),(2,1,'2017-04-26 12:52:40'),(11,1,'2017-04-26 12:52:40'),(6,1,'2017-04-26 12:52:40'),(7,1,'2017-04-26 12:52:40'),(13,1,'2017-04-26 12:52:40'),(2,1,'2017-04-26 12:53:13'),(14,1,'2017-04-26 12:53:13'),(5,1,'2017-04-26 12:53:13'),(8,1,'2017-04-26 12:53:13'),(10,1,'2017-04-26 12:53:13'),(11,1,'2017-04-26 12:53:13'),(3,1,'2017-04-26 12:53:13'),(13,1,'2017-04-26 12:53:13'),(9,1,'2017-04-26 12:53:13'),(6,1,'2017-04-26 12:53:13'),(12,1,'2017-04-26 12:55:03'),(10,1,'2017-04-26 12:55:03'),(4,1,'2017-04-26 12:55:03'),(3,1,'2017-04-26 12:55:03'),(11,1,'2017-04-26 12:55:03'),(15,1,'2017-04-26 12:55:03'),(2,1,'2017-04-26 12:55:03'),(9,1,'2017-04-26 12:55:03'),(13,1,'2017-04-26 12:55:03'),(7,1,'2017-04-26 12:55:03'),(8,1,'2017-04-26 12:55:55'),(7,1,'2017-04-26 12:55:55'),(9,1,'2017-04-26 12:55:55'),(10,1,'2017-04-26 12:55:55'),(6,1,'2017-04-26 12:55:55'),(13,1,'2017-04-26 12:55:55'),(14,1,'2017-04-26 12:55:55'),(2,1,'2017-04-26 12:55:55'),(5,1,'2017-04-26 12:55:55'),(15,1,'2017-04-26 12:55:55'),(9,1,'2017-04-26 12:57:12'),(4,1,'2017-04-26 12:57:12'),(15,1,'2017-04-26 12:57:12'),(14,1,'2017-04-26 12:57:12'),(11,1,'2017-04-26 12:57:12'),(6,1,'2017-04-26 12:57:12'),(7,1,'2017-04-26 12:57:12'),(1,1,'2017-04-26 12:57:12'),(3,1,'2017-04-26 12:57:12'),(5,1,'2017-04-26 12:57:12'),(4,1,'2017-04-26 12:58:28'),(10,1,'2017-04-26 12:58:28'),(2,1,'2017-04-26 12:58:28'),(15,1,'2017-04-26 12:58:28'),(9,1,'2017-04-26 12:58:28'),(1,1,'2017-04-26 12:58:28'),(8,1,'2017-04-26 12:58:28'),(6,1,'2017-04-26 12:58:28'),(7,1,'2017-04-26 12:58:28'),(12,1,'2017-04-26 12:58:28'),(3,1,'2017-04-26 13:01:05'),(14,1,'2017-04-26 13:01:05'),(10,1,'2017-04-26 13:01:05'),(5,1,'2017-04-26 13:01:05'),(15,1,'2017-04-26 13:01:05'),(8,1,'2017-04-26 13:01:05'),(1,1,'2017-04-26 13:01:05'),(12,1,'2017-04-26 13:01:05'),(13,1,'2017-04-26 13:01:05'),(6,1,'2017-04-26 13:01:05'),(14,1,'2017-04-26 13:01:48'),(15,1,'2017-04-26 13:01:48'),(5,1,'2017-04-26 13:01:48'),(11,1,'2017-04-26 13:01:48'),(6,1,'2017-04-26 13:01:48'),(8,1,'2017-04-26 13:01:48'),(13,1,'2017-04-26 13:01:48'),(4,1,'2017-04-26 13:01:48'),(1,1,'2017-04-26 13:01:48'),(12,1,'2017-04-26 13:01:48'),(4,1,'2017-04-26 13:02:27'),(15,1,'2017-04-26 13:02:27'),(9,1,'2017-04-26 13:02:27'),(7,1,'2017-04-26 13:02:27'),(10,1,'2017-04-26 13:02:27'),(3,1,'2017-04-26 13:02:27'),(12,1,'2017-04-26 13:02:27'),(14,1,'2017-04-26 13:02:27'),(1,1,'2017-04-26 13:02:27'),(2,1,'2017-04-26 13:02:27'),(14,1,'2017-04-26 13:03:03'),(2,1,'2017-04-26 13:03:03'),(7,1,'2017-04-26 13:03:03'),(8,1,'2017-04-26 13:03:03'),(13,1,'2017-04-26 13:03:03'),(12,1,'2017-04-26 13:03:03'),(1,1,'2017-04-26 13:03:03'),(3,1,'2017-04-26 13:03:03'),(6,1,'2017-04-26 13:03:03'),(5,1,'2017-04-26 13:03:03'),(12,1,'2017-04-26 13:03:57'),(7,1,'2017-04-26 13:03:57'),(13,1,'2017-04-26 13:03:57'),(8,1,'2017-04-26 13:03:57'),(15,1,'2017-04-26 13:03:57'),(11,1,'2017-04-26 13:03:57'),(4,1,'2017-04-26 13:03:57'),(6,1,'2017-04-26 13:03:57'),(3,1,'2017-04-26 13:03:57'),(14,1,'2017-04-26 13:03:57'),(3,1,'2017-04-26 13:05:34'),(7,1,'2017-04-26 13:05:34'),(15,1,'2017-04-26 13:05:34'),(11,1,'2017-04-26 13:05:34'),(9,1,'2017-04-26 13:05:34'),(2,1,'2017-04-26 13:05:34'),(13,1,'2017-04-26 13:05:34'),(8,1,'2017-04-26 13:05:34'),(6,1,'2017-04-26 13:05:34'),(1,1,'2017-04-26 13:05:34'),(5,1,'2017-04-26 13:06:15'),(8,1,'2017-04-26 13:06:15'),(11,1,'2017-04-26 13:06:15'),(1,1,'2017-04-26 13:06:15'),(13,1,'2017-04-26 13:06:15'),(3,1,'2017-04-26 13:06:15'),(14,1,'2017-04-26 13:06:15'),(6,1,'2017-04-26 13:06:15'),(9,1,'2017-04-26 13:06:15'),(10,1,'2017-04-26 13:06:15'),(12,1,'2017-04-26 13:06:27'),(13,1,'2017-04-26 13:06:27'),(4,1,'2017-04-26 13:06:27'),(6,1,'2017-04-26 13:06:27'),(15,1,'2017-04-26 13:06:27'),(5,1,'2017-04-26 13:06:27'),(7,1,'2017-04-26 13:06:27'),(14,1,'2017-04-26 13:06:27'),(1,1,'2017-04-26 13:06:27'),(3,1,'2017-04-26 13:06:27'),(3,2,'2017-04-26 13:06:27'),(9,1,'2017-04-26 13:06:30'),(3,1,'2017-04-26 13:06:30'),(6,1,'2017-04-26 13:06:30'),(4,1,'2017-04-26 13:06:30'),(12,1,'2017-04-26 13:06:30'),(10,1,'2017-04-26 13:06:30'),(13,1,'2017-04-26 13:06:30'),(5,1,'2017-04-26 13:06:30'),(8,1,'2017-04-26 13:06:30'),(14,1,'2017-04-26 13:06:30'),(12,1,'2017-04-26 13:08:22'),(14,1,'2017-04-26 13:08:22'),(8,1,'2017-04-26 13:08:22'),(5,1,'2017-04-26 13:08:22'),(15,1,'2017-04-26 13:08:22'),(11,1,'2017-04-26 13:08:22'),(6,1,'2017-04-26 13:08:22'),(13,1,'2017-04-26 13:08:22'),(2,1,'2017-04-26 13:08:22'),(10,1,'2017-04-26 13:08:22'),(5,1,'2017-04-26 13:11:48'),(13,1,'2017-04-26 13:11:48'),(15,1,'2017-04-26 13:11:48'),(1,1,'2017-04-26 13:11:48'),(8,1,'2017-04-26 13:11:48'),(10,1,'2017-04-26 13:11:48'),(6,1,'2017-04-26 13:11:48'),(3,1,'2017-04-26 13:11:48'),(12,1,'2017-04-26 13:11:48'),(2,1,'2017-04-26 13:11:48'),(15,1,'2017-04-26 13:24:23'),(2,1,'2017-04-26 13:24:23'),(9,1,'2017-04-26 13:24:23'),(11,1,'2017-04-26 13:24:23'),(8,1,'2017-04-26 13:24:23'),(1,1,'2017-04-26 13:24:23'),(7,1,'2017-04-26 13:24:23'),(6,1,'2017-04-26 13:24:23'),(13,1,'2017-04-26 13:24:23'),(3,1,'2017-04-26 13:24:23'),(15,1,'2017-04-26 13:26:18'),(10,1,'2017-04-26 13:26:18'),(14,1,'2017-04-26 13:26:18'),(13,1,'2017-04-26 13:26:18'),(12,1,'2017-04-26 13:26:18'),(2,1,'2017-04-26 13:26:18'),(11,1,'2017-04-26 13:26:18'),(4,1,'2017-04-26 13:26:18'),(5,1,'2017-04-26 13:26:18'),(3,1,'2017-04-26 13:26:18'),(12,1,'2017-04-26 13:29:15'),(13,1,'2017-04-26 13:29:15'),(8,1,'2017-04-26 13:29:15'),(14,1,'2017-04-26 13:29:15'),(1,1,'2017-04-26 13:29:15'),(6,1,'2017-04-26 13:29:15'),(10,1,'2017-04-26 13:29:15'),(7,1,'2017-04-26 13:29:15'),(9,1,'2017-04-26 13:29:15'),(3,1,'2017-04-26 13:29:15'),(13,1,'2017-04-26 13:41:49'),(7,1,'2017-04-26 13:41:49'),(11,1,'2017-04-26 13:41:49'),(9,1,'2017-04-26 13:41:49'),(12,1,'2017-04-26 13:41:49'),(8,1,'2017-04-26 13:41:49'),(14,1,'2017-04-26 13:41:49'),(2,1,'2017-04-26 13:41:49'),(1,1,'2017-04-26 13:41:49'),(5,1,'2017-04-26 13:41:49'),(13,1,'2017-04-26 17:57:22'),(8,1,'2017-04-26 17:57:22'),(3,1,'2017-04-26 17:57:22'),(5,1,'2017-04-26 17:57:22'),(2,1,'2017-04-26 17:57:22'),(6,1,'2017-04-26 17:57:22'),(15,1,'2017-04-26 17:57:22'),(10,1,'2017-04-26 17:57:22'),(4,1,'2017-04-26 17:57:22'),(1,1,'2017-04-26 17:57:22'),(7,1,'2017-04-26 17:57:22'),(11,1,'2017-04-26 17:57:22'),(14,1,'2017-04-26 17:57:22'),(9,1,'2017-04-26 17:57:22'),(12,1,'2017-04-26 17:57:22'),(13,1,'2017-04-26 17:57:22'),(8,1,'2017-04-26 17:57:22'),(3,1,'2017-04-26 17:57:22'),(5,1,'2017-04-26 17:57:22'),(2,1,'2017-04-26 17:57:22'),(6,1,'2017-04-26 17:57:22'),(15,1,'2017-04-26 17:57:22'),(10,1,'2017-04-26 17:57:22'),(4,1,'2017-04-26 17:57:22'),(1,1,'2017-04-26 17:57:22'),(7,1,'2017-04-26 17:57:22'),(11,1,'2017-04-26 17:57:22'),(14,1,'2017-04-26 17:57:22'),(9,1,'2017-04-26 17:57:22'),(12,1,'2017-04-26 17:57:22'),(13,1,'2017-04-26 18:02:29'),(8,1,'2017-04-26 18:02:29'),(3,1,'2017-04-26 18:02:29'),(5,1,'2017-04-26 18:02:29'),(2,1,'2017-04-26 18:02:29'),(6,1,'2017-04-26 18:02:29'),(15,1,'2017-04-26 18:02:29'),(10,1,'2017-04-26 18:02:29'),(4,1,'2017-04-26 18:02:29'),(1,1,'2017-04-26 18:02:29'),(7,1,'2017-04-26 18:02:29'),(11,1,'2017-04-26 18:02:29'),(14,1,'2017-04-26 18:02:29'),(9,1,'2017-04-26 18:02:29'),(12,1,'2017-04-26 18:02:29'),(13,1,'2017-04-26 18:02:29'),(8,1,'2017-04-26 18:02:29'),(3,1,'2017-04-26 18:02:29'),(5,1,'2017-04-26 18:02:29'),(2,1,'2017-04-26 18:02:29'),(6,1,'2017-04-26 18:02:29'),(15,1,'2017-04-26 18:02:29'),(10,1,'2017-04-26 18:02:29'),(4,1,'2017-04-26 18:02:29'),(1,1,'2017-04-26 18:02:29'),(7,1,'2017-04-26 18:02:29'),(11,1,'2017-04-26 18:02:29'),(14,1,'2017-04-26 18:02:29'),(9,1,'2017-04-26 18:02:29'),(12,1,'2017-04-26 18:02:29'),(13,1,'2017-04-26 18:02:44'),(8,1,'2017-04-26 18:02:44'),(3,1,'2017-04-26 18:02:44'),(5,1,'2017-04-26 18:02:44'),(2,1,'2017-04-26 18:02:44'),(6,1,'2017-04-26 18:02:44'),(15,1,'2017-04-26 18:02:44'),(10,1,'2017-04-26 18:02:44'),(4,1,'2017-04-26 18:02:44'),(1,1,'2017-04-26 18:02:44'),(7,1,'2017-04-26 18:02:44'),(11,1,'2017-04-26 18:02:44'),(14,1,'2017-04-26 18:02:44'),(9,1,'2017-04-26 18:02:44'),(12,1,'2017-04-26 18:02:44'),(13,1,'2017-04-26 18:02:44'),(8,1,'2017-04-26 18:02:44'),(3,1,'2017-04-26 18:02:44'),(5,1,'2017-04-26 18:02:44'),(2,1,'2017-04-26 18:02:44'),(6,1,'2017-04-26 18:02:44'),(15,1,'2017-04-26 18:02:44'),(10,1,'2017-04-26 18:02:44'),(4,1,'2017-04-26 18:02:44'),(1,1,'2017-04-26 18:02:44'),(7,1,'2017-04-26 18:02:44'),(11,1,'2017-04-26 18:02:44'),(14,1,'2017-04-26 18:02:44'),(9,1,'2017-04-26 18:02:44'),(12,1,'2017-04-26 18:02:44'),(13,1,'2017-04-26 18:10:25'),(8,1,'2017-04-26 18:10:25'),(3,1,'2017-04-26 18:10:25'),(5,1,'2017-04-26 18:10:25'),(2,1,'2017-04-26 18:10:25'),(6,1,'2017-04-26 18:10:25'),(15,1,'2017-04-26 18:10:25'),(10,1,'2017-04-26 18:10:25'),(4,1,'2017-04-26 18:10:25'),(1,1,'2017-04-26 18:10:25'),(7,1,'2017-04-26 18:10:25'),(11,1,'2017-04-26 18:10:25'),(14,1,'2017-04-26 18:10:25'),(9,1,'2017-04-26 18:10:25'),(12,1,'2017-04-26 18:10:25'),(13,1,'2017-04-26 18:10:25'),(8,1,'2017-04-26 18:10:25'),(3,1,'2017-04-26 18:10:25'),(5,1,'2017-04-26 18:10:25'),(2,1,'2017-04-26 18:10:25'),(6,1,'2017-04-26 18:10:25'),(15,1,'2017-04-26 18:10:25'),(10,1,'2017-04-26 18:10:25'),(4,1,'2017-04-26 18:10:25'),(1,1,'2017-04-26 18:10:25'),(7,1,'2017-04-26 18:10:25'),(11,1,'2017-04-26 18:10:25'),(14,1,'2017-04-26 18:10:25'),(9,1,'2017-04-26 18:10:25'),(12,1,'2017-04-26 18:10:25'),(13,1,'2017-04-26 18:11:15'),(8,1,'2017-04-26 18:11:15'),(3,1,'2017-04-26 18:11:15'),(5,1,'2017-04-26 18:11:15'),(2,1,'2017-04-26 18:11:15'),(10,1,'2017-04-26 18:11:15'),(11,1,'2017-04-26 18:11:15'),(10,1,'2017-04-26 18:11:15'),(11,1,'2017-04-26 18:11:15'),(13,1,'2017-04-26 18:11:16'),(8,1,'2017-04-26 18:11:16'),(3,1,'2017-04-26 18:11:16'),(5,1,'2017-04-26 18:11:16'),(2,1,'2017-04-26 18:11:16'),(9,1,'2017-04-26 18:11:16'),(9,1,'2017-04-26 18:11:16'),(11,1,'2017-04-26 18:11:16'),(14,1,'2017-04-26 18:11:16'),(13,1,'2017-04-26 18:12:10'),(8,1,'2017-04-26 18:12:10'),(3,1,'2017-04-26 18:12:10'),(5,1,'2017-04-26 18:12:10'),(2,1,'2017-04-26 18:12:10'),(12,1,'2017-04-26 18:12:10'),(11,1,'2017-04-26 18:12:10'),(12,1,'2017-04-26 18:12:10'),(13,1,'2017-04-26 18:12:11'),(8,1,'2017-04-26 18:12:11'),(3,1,'2017-04-26 18:12:11'),(14,1,'2017-04-26 18:12:11'),(9,1,'2017-04-26 18:12:11'),(14,1,'2017-04-26 18:12:11'),(14,1,'2017-04-26 18:12:11'),(1,1,'2017-04-26 18:12:11'),(7,1,'2017-04-26 18:12:11'),(13,1,'2017-04-26 18:12:45'),(8,1,'2017-04-26 18:12:45'),(3,1,'2017-04-26 18:12:45'),(15,1,'2017-04-26 18:12:45'),(11,1,'2017-04-26 18:12:45'),(14,1,'2017-04-26 18:12:45'),(9,1,'2017-04-26 18:12:45'),(12,1,'2017-04-26 18:12:45'),(4,1,'2017-04-26 18:12:45'),(1,1,'2017-04-26 18:12:45'),(13,1,'2017-04-26 18:12:46'),(8,1,'2017-04-26 18:12:46'),(3,1,'2017-04-26 18:12:46'),(14,1,'2017-04-26 18:12:46'),(11,1,'2017-04-26 18:12:46'),(1,1,'2017-04-26 18:12:46'),(1,1,'2017-04-26 18:12:46'),(14,1,'2017-04-26 18:12:46'),(11,1,'2017-04-26 18:12:46'),(11,1,'2017-04-26 18:12:46'),(13,1,'2017-04-26 18:12:46'),(8,1,'2017-04-26 18:12:46'),(3,1,'2017-04-26 18:12:46'),(5,1,'2017-04-26 18:12:46'),(6,1,'2017-04-26 18:12:46'),(14,1,'2017-04-26 18:12:46'),(14,1,'2017-04-26 18:12:46'),(14,1,'2017-04-26 18:12:46'),(1,1,'2017-04-26 18:12:46'),(1,1,'2017-04-26 18:12:46'),(13,1,'2017-04-26 18:12:46'),(8,1,'2017-04-26 18:12:46'),(3,1,'2017-04-26 18:12:46'),(2,1,'2017-04-26 18:12:46'),(6,1,'2017-04-26 18:12:46'),(4,1,'2017-04-26 18:12:46'),(12,1,'2017-04-26 18:12:46'),(4,1,'2017-04-26 18:12:46'),(4,1,'2017-04-26 18:12:46'),(11,1,'2017-04-26 18:12:46'),(13,1,'2017-04-26 18:14:34'),(8,1,'2017-04-26 18:14:34'),(3,1,'2017-04-26 18:14:34'),(5,1,'2017-04-26 18:14:34'),(2,1,'2017-04-26 18:14:34'),(15,1,'2017-04-26 18:14:34'),(14,1,'2017-04-26 18:14:34'),(12,1,'2017-04-26 18:14:34'),(7,1,'2017-04-26 18:14:34'),(13,1,'2017-04-26 18:14:34'),(8,1,'2017-04-26 18:14:34'),(3,1,'2017-04-26 18:14:34'),(12,1,'2017-04-26 18:14:34'),(7,1,'2017-04-26 18:14:34'),(15,1,'2017-04-26 18:14:34'),(1,1,'2017-04-26 18:14:34'),(9,1,'2017-04-26 18:14:34'),(11,1,'2017-04-26 18:14:34'),(9,1,'2017-04-26 18:14:34'),(13,1,'2017-04-26 18:14:38'),(8,1,'2017-04-26 18:14:38'),(3,1,'2017-04-26 18:14:38'),(6,1,'2017-04-26 18:14:38'),(11,1,'2017-04-26 18:14:38'),(9,1,'2017-04-26 18:14:38'),(12,1,'2017-04-26 18:14:38'),(11,1,'2017-04-26 18:14:38'),(1,1,'2017-04-26 18:14:38'),(9,1,'2017-04-26 18:14:38'),(13,1,'2017-04-26 18:14:38'),(8,1,'2017-04-26 18:14:38'),(3,1,'2017-04-26 18:14:38'),(5,1,'2017-04-26 18:14:38'),(2,1,'2017-04-26 18:14:38'),(7,1,'2017-04-26 18:14:38'),(10,1,'2017-04-26 18:14:38'),(14,1,'2017-04-26 18:14:38'),(1,1,'2017-04-26 18:14:38'),(13,1,'2017-04-26 18:17:02'),(8,1,'2017-04-26 18:17:02'),(3,1,'2017-04-26 18:17:02'),(15,1,'2017-04-26 18:17:02'),(14,1,'2017-04-26 18:17:02'),(4,1,'2017-04-26 18:17:02'),(10,1,'2017-04-26 18:17:02'),(14,1,'2017-04-26 18:17:02'),(12,1,'2017-04-26 18:17:02'),(14,1,'2017-04-26 18:17:02'),(13,1,'2017-04-26 18:17:03'),(8,1,'2017-04-26 18:17:03'),(3,1,'2017-04-26 18:17:03'),(2,1,'2017-04-26 18:17:03'),(7,1,'2017-04-26 18:17:03'),(15,1,'2017-04-26 18:17:03'),(15,1,'2017-04-26 18:17:03'),(14,1,'2017-04-26 18:17:03'),(11,1,'2017-04-26 18:17:03'),(13,1,'2017-04-26 18:17:50'),(8,1,'2017-04-26 18:17:50'),(3,1,'2017-04-26 18:17:50'),(5,1,'2017-04-26 18:17:50'),(6,1,'2017-04-26 18:17:50'),(1,1,'2017-04-26 18:17:50'),(12,1,'2017-04-26 18:17:50'),(4,1,'2017-04-26 18:17:50'),(9,1,'2017-04-26 18:17:50'),(13,1,'2017-04-26 18:17:50'),(8,1,'2017-04-26 18:17:50'),(3,1,'2017-04-26 18:17:50'),(11,1,'2017-04-26 18:17:50'),(4,1,'2017-04-26 18:17:50'),(15,1,'2017-04-26 18:17:50'),(9,1,'2017-04-26 18:17:50'),(7,1,'2017-04-26 18:17:50'),(11,1,'2017-04-26 18:17:50'),(13,1,'2017-04-26 18:24:40'),(8,1,'2017-04-26 18:24:40'),(3,1,'2017-04-26 18:24:40'),(9,1,'2017-04-26 18:24:40'),(1,1,'2017-04-26 18:24:40'),(1,1,'2017-04-26 18:24:40'),(1,1,'2017-04-26 18:24:40'),(1,1,'2017-04-26 18:24:40'),(9,1,'2017-04-26 18:24:40'),(9,1,'2017-04-26 18:24:40'),(13,1,'2017-04-26 18:24:40'),(8,1,'2017-04-26 18:24:40'),(3,1,'2017-04-26 18:24:40'),(4,1,'2017-04-26 18:24:40'),(4,1,'2017-04-26 18:24:40'),(4,1,'2017-04-26 18:24:40'),(4,1,'2017-04-26 18:24:40'),(4,1,'2017-04-26 18:24:40'),(9,1,'2017-04-26 18:24:40'),(9,1,'2017-04-26 18:24:40'),(13,1,'2017-04-26 18:25:31'),(8,1,'2017-04-26 18:25:31'),(3,1,'2017-04-26 18:25:31'),(10,1,'2017-04-26 18:25:31'),(7,1,'2017-04-26 18:25:31'),(7,1,'2017-04-26 18:25:31'),(15,1,'2017-04-26 18:25:31'),(14,1,'2017-04-26 18:25:31'),(11,1,'2017-04-26 18:25:31'),(14,1,'2017-04-26 18:25:31'),(13,1,'2017-04-26 18:25:32'),(8,1,'2017-04-26 18:25:32'),(3,1,'2017-04-26 18:25:32'),(14,1,'2017-04-26 18:25:32'),(10,1,'2017-04-26 18:25:32'),(5,1,'2017-04-26 18:25:32'),(15,1,'2017-04-26 18:25:32'),(10,1,'2017-04-26 18:25:32'),(7,1,'2017-04-26 18:25:32'),(11,1,'2017-04-26 18:25:32'),(13,1,'2017-04-26 18:27:11'),(8,1,'2017-04-26 18:27:11'),(3,1,'2017-04-26 18:27:11'),(2,1,'2017-04-26 18:27:11'),(6,1,'2017-04-26 18:27:11'),(14,1,'2017-04-26 18:27:11'),(1,1,'2017-04-26 18:27:11'),(11,1,'2017-04-26 18:27:11'),(14,1,'2017-04-26 18:27:11'),(7,1,'2017-04-26 18:27:11'),(13,1,'2017-04-26 18:27:11'),(8,1,'2017-04-26 18:27:11'),(3,1,'2017-04-26 18:27:11'),(15,1,'2017-04-26 18:27:11'),(10,1,'2017-04-26 18:27:11'),(14,1,'2017-04-26 18:27:11'),(11,1,'2017-04-26 18:27:11'),(14,1,'2017-04-26 18:27:11'),(7,1,'2017-04-26 18:27:11'),(14,1,'2017-04-26 18:27:11'),(13,1,'2017-04-26 18:27:49'),(8,1,'2017-04-26 18:27:49'),(3,1,'2017-04-26 18:27:49'),(14,1,'2017-04-26 18:27:49'),(5,1,'2017-04-26 18:27:49'),(11,1,'2017-04-26 18:27:49'),(1,1,'2017-04-26 18:27:49'),(1,1,'2017-04-26 18:27:49'),(14,1,'2017-04-26 18:27:49'),(7,1,'2017-04-26 18:27:49'),(13,1,'2017-04-26 18:27:49'),(8,1,'2017-04-26 18:27:49'),(3,1,'2017-04-26 18:27:49'),(2,1,'2017-04-26 18:27:49'),(6,1,'2017-04-26 18:27:49'),(1,1,'2017-04-26 18:27:49'),(11,1,'2017-04-26 18:27:49'),(14,1,'2017-04-26 18:27:49'),(1,1,'2017-04-26 18:27:49'),(1,1,'2017-04-26 18:27:49'),(13,1,'2017-04-26 18:29:08'),(8,1,'2017-04-26 18:29:08'),(3,1,'2017-04-26 18:29:08'),(12,1,'2017-04-26 18:29:08'),(10,1,'2017-04-26 18:29:08'),(12,1,'2017-04-26 18:29:08'),(5,1,'2017-04-26 18:29:08'),(11,1,'2017-04-26 18:29:08'),(15,1,'2017-04-26 18:29:08'),(7,1,'2017-04-26 18:29:08'),(13,1,'2017-04-26 18:29:08'),(8,1,'2017-04-26 18:29:08'),(3,1,'2017-04-26 18:29:08'),(2,1,'2017-04-26 18:29:08'),(6,1,'2017-04-26 18:29:08'),(7,1,'2017-04-26 18:29:08'),(11,1,'2017-04-26 18:29:08'),(1,1,'2017-04-26 18:29:08'),(12,1,'2017-04-26 18:29:08'),(5,1,'2017-04-26 18:29:08'),(13,1,'2017-04-26 18:29:14'),(8,1,'2017-04-26 18:29:14'),(3,1,'2017-04-26 18:29:14'),(2,1,'2017-04-26 18:29:14'),(6,1,'2017-04-26 18:29:14'),(1,1,'2017-04-26 18:29:14'),(10,1,'2017-04-26 18:29:14'),(12,1,'2017-04-26 18:29:14'),(5,1,'2017-04-26 18:29:14'),(12,1,'2017-04-26 18:29:14'),(13,1,'2017-04-26 18:29:14'),(8,1,'2017-04-26 18:29:14'),(3,1,'2017-04-26 18:29:14'),(2,1,'2017-04-26 18:29:14'),(6,1,'2017-04-26 18:29:14'),(14,1,'2017-04-26 18:29:14'),(11,1,'2017-04-26 18:29:14'),(10,1,'2017-04-26 18:29:14'),(5,1,'2017-04-26 18:29:14'),(10,1,'2017-04-26 18:29:14'),(13,1,'2017-04-26 18:29:15'),(8,1,'2017-04-26 18:29:15'),(3,1,'2017-04-26 18:29:15'),(2,1,'2017-04-26 18:29:15'),(6,1,'2017-04-26 18:29:15'),(12,1,'2017-04-26 18:29:15'),(11,1,'2017-04-26 18:29:15'),(7,1,'2017-04-26 18:29:15'),(5,1,'2017-04-26 18:29:15'),(12,1,'2017-04-26 18:29:15'),(13,1,'2017-04-26 18:29:16'),(8,1,'2017-04-26 18:29:16'),(3,1,'2017-04-26 18:29:16'),(2,1,'2017-04-26 18:29:16'),(6,1,'2017-04-26 18:29:16'),(5,1,'2017-04-26 18:29:16'),(1,1,'2017-04-26 18:29:16'),(14,1,'2017-04-26 18:29:16'),(1,1,'2017-04-26 18:29:16'),(1,1,'2017-04-26 18:29:16'),(13,1,'2017-04-26 18:29:17'),(8,1,'2017-04-26 18:29:17'),(3,1,'2017-04-26 18:29:17'),(2,1,'2017-04-26 18:29:17'),(6,1,'2017-04-26 18:29:17'),(7,1,'2017-04-26 18:29:17'),(7,1,'2017-04-26 18:29:17'),(12,1,'2017-04-26 18:29:17'),(1,1,'2017-04-26 18:29:17'),(11,1,'2017-04-26 18:29:17'),(13,1,'2017-04-26 18:29:17'),(8,1,'2017-04-26 18:29:17'),(3,1,'2017-04-26 18:29:17'),(11,1,'2017-04-26 18:29:17'),(12,1,'2017-04-26 18:29:17'),(12,1,'2017-04-26 18:29:17'),(10,1,'2017-04-26 18:29:17'),(6,1,'2017-04-26 18:29:17'),(10,1,'2017-04-26 18:29:17'),(12,1,'2017-04-26 18:29:17'),(13,1,'2017-04-26 18:37:03'),(8,1,'2017-04-26 18:37:03'),(3,1,'2017-04-26 18:37:03'),(5,1,'2017-04-26 18:37:03'),(2,1,'2017-04-26 18:37:03'),(11,1,'2017-04-26 18:37:03'),(10,1,'2017-04-26 18:37:03'),(15,1,'2017-04-26 18:37:03'),(15,1,'2017-04-26 18:37:03'),(7,1,'2017-04-26 18:37:03'),(13,1,'2017-04-26 18:37:03'),(8,1,'2017-04-26 18:37:03'),(3,1,'2017-04-26 18:37:03'),(1,1,'2017-04-26 18:37:03'),(5,1,'2017-04-26 18:37:03'),(10,1,'2017-04-26 18:37:03'),(12,1,'2017-04-26 18:37:03'),(7,1,'2017-04-26 18:37:03'),(12,1,'2017-04-26 18:37:03'),(7,1,'2017-04-26 18:37:03'),(13,1,'2017-04-26 18:38:29'),(8,1,'2017-04-26 18:38:29'),(3,1,'2017-04-26 18:38:29'),(2,1,'2017-04-26 18:38:29'),(6,1,'2017-04-26 18:38:29'),(1,1,'2017-04-26 18:38:29'),(12,1,'2017-04-26 18:38:29'),(12,1,'2017-04-26 18:38:29'),(11,1,'2017-04-26 18:38:29'),(1,1,'2017-04-26 18:38:29'),(13,1,'2017-04-26 18:38:29'),(8,1,'2017-04-26 18:38:29'),(3,1,'2017-04-26 18:38:29'),(4,1,'2017-04-26 18:38:29'),(4,1,'2017-04-26 18:38:29'),(7,1,'2017-04-26 18:38:29'),(12,1,'2017-04-26 18:38:29'),(5,1,'2017-04-26 18:38:29'),(15,1,'2017-04-26 18:38:29'),(12,1,'2017-04-26 18:38:29'),(13,1,'2017-04-26 18:39:12'),(8,1,'2017-04-26 18:39:12'),(3,1,'2017-04-26 18:39:12'),(2,1,'2017-04-26 18:39:12'),(6,1,'2017-04-26 18:39:12'),(11,1,'2017-04-26 18:39:12'),(5,1,'2017-04-26 18:39:12'),(1,1,'2017-04-26 18:39:12'),(12,1,'2017-04-26 18:39:12'),(10,1,'2017-04-26 18:39:12'),(13,1,'2017-04-26 18:39:13'),(8,1,'2017-04-26 18:39:13'),(3,1,'2017-04-26 18:39:13'),(2,1,'2017-04-26 18:39:13'),(6,1,'2017-04-26 18:39:13'),(14,1,'2017-04-26 18:39:13'),(7,1,'2017-04-26 18:39:13'),(5,1,'2017-04-26 18:39:13'),(14,1,'2017-04-26 18:39:13'),(1,1,'2017-04-26 18:39:13'),(13,1,'2017-04-26 18:39:20'),(8,1,'2017-04-26 18:39:20'),(3,1,'2017-04-26 18:39:20'),(2,1,'2017-04-26 18:39:20'),(6,1,'2017-04-26 18:39:20'),(12,1,'2017-04-26 18:39:20'),(1,1,'2017-04-26 18:39:20'),(5,1,'2017-04-26 18:39:20'),(12,1,'2017-04-26 18:39:20'),(7,1,'2017-04-26 18:39:20'),(13,1,'2017-04-26 18:39:21'),(8,1,'2017-04-26 18:39:21'),(3,1,'2017-04-26 18:39:21'),(2,1,'2017-04-26 18:39:21'),(6,1,'2017-04-26 18:39:21'),(12,1,'2017-04-26 18:39:21'),(7,1,'2017-04-26 18:39:21'),(11,1,'2017-04-26 18:39:21'),(5,1,'2017-04-26 18:39:21'),(7,1,'2017-04-26 18:39:21'),(13,1,'2017-04-26 18:41:00'),(8,1,'2017-04-26 18:41:00'),(3,1,'2017-04-26 18:41:00'),(2,1,'2017-04-26 18:41:00'),(6,1,'2017-04-26 18:41:00'),(12,1,'2017-04-26 18:41:00'),(11,1,'2017-04-26 18:41:00'),(15,1,'2017-04-26 18:41:00'),(12,1,'2017-04-26 18:41:00'),(12,1,'2017-04-26 18:41:00'),(13,1,'2017-04-26 18:41:00'),(8,1,'2017-04-26 18:41:00'),(3,1,'2017-04-26 18:41:00'),(6,1,'2017-04-26 18:41:00'),(1,1,'2017-04-26 18:41:00'),(10,1,'2017-04-26 18:41:00'),(10,1,'2017-04-26 18:41:00'),(12,1,'2017-04-26 18:41:00'),(14,1,'2017-04-26 18:41:00'),(6,1,'2017-04-26 18:41:00'),(13,1,'2017-04-26 18:42:11'),(8,1,'2017-04-26 18:42:11'),(3,1,'2017-04-26 18:42:11'),(2,1,'2017-04-26 18:42:11'),(5,1,'2017-04-26 18:42:11'),(1,1,'2017-04-26 18:42:11'),(4,1,'2017-04-26 18:42:11'),(14,1,'2017-04-26 18:42:11'),(11,1,'2017-04-26 18:42:11'),(6,1,'2017-04-26 18:42:11'),(13,1,'2017-04-26 18:42:12'),(8,1,'2017-04-26 18:42:12'),(3,1,'2017-04-26 18:42:12'),(2,1,'2017-04-26 18:42:12'),(6,1,'2017-04-26 18:42:12'),(12,1,'2017-04-26 18:42:12'),(11,1,'2017-04-26 18:42:12'),(12,1,'2017-04-26 18:42:12'),(5,1,'2017-04-26 18:42:12'),(7,1,'2017-04-26 18:42:12'),(13,1,'2017-04-26 18:42:26'),(8,1,'2017-04-26 18:42:26'),(3,1,'2017-04-26 18:42:26'),(15,1,'2017-04-26 18:42:26'),(4,1,'2017-04-26 18:42:26'),(6,1,'2017-04-26 18:42:26'),(12,1,'2017-04-26 18:42:26'),(4,1,'2017-04-26 18:42:26'),(2,1,'2017-04-26 18:42:26'),(11,1,'2017-04-26 18:42:26'),(13,1,'2017-04-26 18:42:26'),(8,1,'2017-04-26 18:42:26'),(3,1,'2017-04-26 18:42:26'),(15,1,'2017-04-26 18:42:26'),(5,1,'2017-04-26 18:42:26'),(12,1,'2017-04-26 18:42:26'),(6,1,'2017-04-26 18:42:26'),(1,1,'2017-04-26 18:42:26'),(7,1,'2017-04-26 18:42:26'),(7,1,'2017-04-26 18:42:26'),(13,1,'2017-04-26 18:43:35'),(8,1,'2017-04-26 18:43:35'),(3,1,'2017-04-26 18:43:35'),(6,1,'2017-04-26 18:43:35'),(10,1,'2017-04-26 18:43:35'),(11,1,'2017-04-26 18:43:35'),(10,1,'2017-04-26 18:43:35'),(5,1,'2017-04-26 18:43:35'),(7,1,'2017-04-26 18:43:35'),(5,1,'2017-04-26 18:43:35'),(13,1,'2017-04-26 18:43:35'),(8,1,'2017-04-26 18:43:35'),(3,1,'2017-04-26 18:43:35'),(2,1,'2017-04-26 18:43:35'),(15,1,'2017-04-26 18:43:35'),(12,1,'2017-04-26 18:43:35'),(12,1,'2017-04-26 18:43:35'),(14,1,'2017-04-26 18:43:35'),(7,1,'2017-04-26 18:43:35'),(5,1,'2017-04-26 18:43:35'),(13,1,'2017-04-26 18:44:46'),(8,1,'2017-04-26 18:44:46'),(3,1,'2017-04-26 18:44:46'),(2,1,'2017-04-26 18:44:46'),(15,1,'2017-04-26 18:44:46'),(14,1,'2017-04-26 18:44:46'),(14,1,'2017-04-26 18:44:46'),(14,1,'2017-04-26 18:44:46'),(14,1,'2017-04-26 18:44:46'),(5,1,'2017-04-26 18:44:46'),(13,1,'2017-04-26 18:44:46'),(8,1,'2017-04-26 18:44:46'),(3,1,'2017-04-26 18:44:46'),(15,1,'2017-04-26 18:44:46'),(2,1,'2017-04-26 18:44:46'),(7,1,'2017-04-26 18:44:46'),(7,1,'2017-04-26 18:44:46'),(1,1,'2017-04-26 18:44:46'),(7,1,'2017-04-26 18:44:46'),(14,1,'2017-04-26 18:44:46'),(13,1,'2017-04-26 18:51:05'),(8,1,'2017-04-26 18:51:05'),(3,1,'2017-04-26 18:51:05'),(15,1,'2017-04-26 18:51:05'),(2,1,'2017-04-26 18:51:05'),(14,1,'2017-04-26 18:51:05'),(14,1,'2017-04-26 18:51:05'),(14,1,'2017-04-26 18:51:05'),(14,1,'2017-04-26 18:51:05'),(14,1,'2017-04-26 18:51:05'),(13,1,'2017-04-26 18:51:05'),(8,1,'2017-04-26 18:51:05'),(3,1,'2017-04-26 18:51:05'),(6,1,'2017-04-26 18:51:05'),(6,1,'2017-04-26 18:51:05'),(6,1,'2017-04-26 18:51:05'),(6,1,'2017-04-26 18:51:05'),(6,1,'2017-04-26 18:51:05'),(6,1,'2017-04-26 18:51:05'),(6,1,'2017-04-26 18:51:05'),(13,1,'2017-04-26 18:52:03'),(8,1,'2017-04-26 18:52:03'),(3,1,'2017-04-26 18:52:03'),(2,1,'2017-04-26 18:52:03'),(2,1,'2017-04-26 18:52:03'),(2,1,'2017-04-26 18:52:03'),(2,1,'2017-04-26 18:52:03'),(2,1,'2017-04-26 18:52:03'),(2,1,'2017-04-26 18:52:03'),(2,1,'2017-04-26 18:52:03'),(13,1,'2017-04-26 18:52:03'),(8,1,'2017-04-26 18:52:03'),(3,1,'2017-04-26 18:52:03'),(15,1,'2017-04-26 18:52:03'),(5,1,'2017-04-26 18:52:03'),(6,1,'2017-04-26 18:52:03'),(6,1,'2017-04-26 18:52:03'),(6,1,'2017-04-26 18:52:03'),(6,1,'2017-04-26 18:52:03'),(6,1,'2017-04-26 18:52:03'),(13,1,'2017-04-26 18:53:10'),(8,1,'2017-04-26 18:53:10'),(3,1,'2017-04-26 18:53:10'),(15,1,'2017-04-26 18:53:10'),(5,1,'2017-04-26 18:53:10'),(8,1,'2017-04-26 18:53:10'),(8,1,'2017-04-26 18:53:10'),(8,1,'2017-04-26 18:53:10'),(8,1,'2017-04-26 18:53:10'),(8,1,'2017-04-26 18:53:10'),(13,1,'2017-04-26 18:53:10'),(3,1,'2017-04-26 18:53:10'),(8,1,'2017-04-26 18:53:10'),(15,1,'2017-04-26 18:53:10'),(5,1,'2017-04-26 18:53:10'),(7,1,'2017-04-26 18:53:10'),(7,1,'2017-04-26 18:53:10'),(7,1,'2017-04-26 18:53:10'),(7,1,'2017-04-26 18:53:10'),(7,1,'2017-04-26 18:53:10'),(13,1,'2017-04-26 18:53:50'),(3,1,'2017-04-26 18:53:50'),(8,1,'2017-04-26 18:53:50'),(15,1,'2017-04-26 18:53:50'),(5,1,'2017-04-26 18:53:50'),(3,1,'2017-04-26 18:53:50'),(3,1,'2017-04-26 18:53:50'),(3,1,'2017-04-26 18:53:50'),(3,1,'2017-04-26 18:53:50'),(3,1,'2017-04-26 18:53:50'),(13,1,'2017-04-26 18:53:51'),(8,1,'2017-04-26 18:53:51'),(3,1,'2017-04-26 18:53:51'),(15,1,'2017-04-26 18:53:51'),(5,1,'2017-04-26 18:53:51'),(4,1,'2017-04-26 18:53:51'),(4,1,'2017-04-26 18:53:51'),(4,1,'2017-04-26 18:53:51'),(4,1,'2017-04-26 18:53:51'),(4,1,'2017-04-26 18:53:51'),(13,1,'2017-04-26 18:54:12'),(8,1,'2017-04-26 18:54:12'),(3,1,'2017-04-26 18:54:12'),(15,1,'2017-04-26 18:54:12'),(5,1,'2017-04-26 18:54:12'),(11,1,'2017-04-26 18:54:12'),(11,1,'2017-04-26 18:54:12'),(11,1,'2017-04-26 18:54:12'),(11,1,'2017-04-26 18:54:12'),(11,1,'2017-04-26 18:54:12'),(13,1,'2017-04-26 18:54:12'),(8,1,'2017-04-26 18:54:12'),(3,1,'2017-04-26 18:54:12'),(15,1,'2017-04-26 18:54:12'),(5,1,'2017-04-26 18:54:12'),(10,1,'2017-04-26 18:54:12'),(10,1,'2017-04-26 18:54:12'),(10,1,'2017-04-26 18:54:12'),(10,1,'2017-04-26 18:54:12'),(10,1,'2017-04-26 18:54:12'),(13,1,'2017-04-26 18:54:51'),(8,1,'2017-04-26 18:54:51'),(3,1,'2017-04-26 18:54:51'),(2,1,'2017-04-26 18:54:51'),(2,1,'2017-04-26 18:54:51'),(2,1,'2017-04-26 18:54:51'),(2,1,'2017-04-26 18:54:51'),(2,1,'2017-04-26 18:54:51'),(2,1,'2017-04-26 18:54:51'),(2,1,'2017-04-26 18:54:51'),(13,1,'2017-04-26 18:54:51'),(8,1,'2017-04-26 18:54:51'),(3,1,'2017-04-26 18:54:51'),(5,1,'2017-04-26 18:54:51'),(15,1,'2017-04-26 18:54:51'),(13,1,'2017-04-26 18:54:51'),(13,1,'2017-04-26 18:54:51'),(13,1,'2017-04-26 18:54:51'),(13,1,'2017-04-26 18:54:51'),(13,1,'2017-04-26 18:54:51'),(13,1,'2017-04-26 18:55:31'),(8,1,'2017-04-26 18:55:31'),(3,1,'2017-04-26 18:55:31'),(5,1,'2017-04-26 18:55:31'),(15,1,'2017-04-26 18:55:31'),(14,1,'2017-04-26 18:55:31'),(14,1,'2017-04-26 18:55:31'),(14,1,'2017-04-26 18:55:31'),(14,1,'2017-04-26 18:55:31'),(14,1,'2017-04-26 18:55:31'),(13,1,'2017-04-26 18:55:32'),(8,1,'2017-04-26 18:55:32'),(3,1,'2017-04-26 18:55:32'),(5,1,'2017-04-26 18:55:32'),(15,1,'2017-04-26 18:55:32'),(7,1,'2017-04-26 18:55:32'),(7,1,'2017-04-26 18:55:32'),(7,1,'2017-04-26 18:55:32'),(7,1,'2017-04-26 18:55:32'),(7,1,'2017-04-26 18:55:32'),(13,1,'2017-04-26 18:55:40'),(8,1,'2017-04-26 18:55:40'),(3,1,'2017-04-26 18:55:40'),(5,1,'2017-04-26 18:55:40'),(15,1,'2017-04-26 18:55:40'),(1,1,'2017-04-26 18:55:40'),(1,1,'2017-04-26 18:55:40'),(1,1,'2017-04-26 18:55:40'),(1,1,'2017-04-26 18:55:40'),(1,1,'2017-04-26 18:55:40'),(13,1,'2017-04-26 18:55:40'),(8,1,'2017-04-26 18:55:40'),(3,1,'2017-04-26 18:55:40'),(5,1,'2017-04-26 18:55:40'),(15,1,'2017-04-26 18:55:40'),(2,1,'2017-04-26 18:55:40'),(2,1,'2017-04-26 18:55:40'),(2,1,'2017-04-26 18:55:40'),(2,1,'2017-04-26 18:55:40'),(2,1,'2017-04-26 18:55:40'),(13,1,'2017-04-26 18:56:59'),(8,1,'2017-04-26 18:56:59'),(3,1,'2017-04-26 18:56:59'),(4,1,'2017-04-26 18:56:59'),(4,1,'2017-04-26 18:56:59'),(4,1,'2017-04-26 18:56:59'),(4,1,'2017-04-26 18:56:59'),(4,1,'2017-04-26 18:56:59'),(4,1,'2017-04-26 18:56:59'),(4,1,'2017-04-26 18:56:59'),(13,1,'2017-04-26 18:57:00'),(8,1,'2017-04-26 18:57:00'),(3,1,'2017-04-26 18:57:00'),(11,1,'2017-04-26 18:57:00'),(11,1,'2017-04-26 18:57:00'),(11,1,'2017-04-26 18:57:00'),(11,1,'2017-04-26 18:57:00'),(11,1,'2017-04-26 18:57:00'),(11,1,'2017-04-26 18:57:00'),(11,1,'2017-04-26 18:57:00'),(13,1,'2017-04-26 18:57:16'),(8,1,'2017-04-26 18:57:16'),(3,1,'2017-04-26 18:57:16'),(5,1,'2017-04-26 18:57:16'),(11,1,'2017-04-26 18:57:16'),(2,1,'2017-04-26 18:57:16'),(12,1,'2017-04-26 18:57:16'),(6,1,'2017-04-26 18:57:16'),(10,1,'2017-04-26 18:57:16'),(10,1,'2017-04-26 18:57:16'),(13,1,'2017-04-26 18:57:17'),(8,1,'2017-04-26 18:57:17'),(3,1,'2017-04-26 18:57:17'),(15,1,'2017-04-26 18:57:17'),(2,1,'2017-04-26 18:57:17'),(5,1,'2017-04-26 18:57:17'),(10,1,'2017-04-26 18:57:17'),(2,1,'2017-04-26 18:57:17'),(11,1,'2017-04-26 18:57:17'),(6,1,'2017-04-26 18:57:17'),(13,1,'2017-04-26 18:58:06'),(8,1,'2017-04-26 18:58:06'),(3,1,'2017-04-26 18:58:06'),(15,1,'2017-04-26 18:58:06'),(12,1,'2017-04-26 18:58:06'),(1,1,'2017-04-26 18:58:06'),(12,1,'2017-04-26 18:58:06'),(14,1,'2017-04-26 18:58:06'),(14,1,'2017-04-26 18:58:06'),(1,1,'2017-04-26 18:58:06'),(13,1,'2017-04-26 18:58:06'),(8,1,'2017-04-26 18:58:06'),(3,1,'2017-04-26 18:58:06'),(5,1,'2017-04-26 18:58:06'),(6,1,'2017-04-26 18:58:06'),(1,1,'2017-04-26 18:58:06'),(1,1,'2017-04-26 18:58:06'),(12,1,'2017-04-26 18:58:06'),(7,1,'2017-04-26 18:58:06'),(12,1,'2017-04-26 18:58:06'),(13,1,'2017-04-26 18:59:46'),(8,1,'2017-04-26 18:59:46'),(3,1,'2017-04-26 18:59:46'),(15,1,'2017-04-26 18:59:46'),(7,1,'2017-04-26 18:59:46'),(2,1,'2017-04-26 18:59:46'),(12,1,'2017-04-26 18:59:46'),(11,1,'2017-04-26 18:59:46'),(12,1,'2017-04-26 18:59:46'),(7,1,'2017-04-26 18:59:46'),(13,1,'2017-04-26 18:59:46'),(8,1,'2017-04-26 18:59:46'),(3,1,'2017-04-26 18:59:46'),(12,1,'2017-04-26 18:59:46'),(6,1,'2017-04-26 18:59:46'),(7,1,'2017-04-26 18:59:46'),(12,1,'2017-04-26 18:59:46'),(12,1,'2017-04-26 18:59:46'),(12,1,'2017-04-26 18:59:46'),(11,1,'2017-04-26 18:59:46'),(13,1,'2017-04-26 19:00:02'),(8,1,'2017-04-26 19:00:02'),(3,1,'2017-04-26 19:00:02'),(5,1,'2017-04-26 19:00:02'),(15,1,'2017-04-26 19:00:02'),(1,1,'2017-04-26 19:00:02'),(10,1,'2017-04-26 19:00:02'),(14,1,'2017-04-26 19:00:02'),(14,1,'2017-04-26 19:00:02'),(14,1,'2017-04-26 19:00:02'),(13,1,'2017-04-26 19:00:02'),(8,1,'2017-04-26 19:00:02'),(3,1,'2017-04-26 19:00:02'),(5,1,'2017-04-26 19:00:02'),(10,1,'2017-04-26 19:00:02'),(14,1,'2017-04-26 19:00:02'),(14,1,'2017-04-26 19:00:02'),(1,1,'2017-04-26 19:00:02'),(1,1,'2017-04-26 19:00:02'),(11,1,'2017-04-26 19:00:02'),(13,1,'2017-04-26 19:01:16'),(8,1,'2017-04-26 19:01:16'),(3,1,'2017-04-26 19:01:16'),(15,1,'2017-04-26 19:01:16'),(6,1,'2017-04-26 19:01:16'),(1,1,'2017-04-26 19:01:16'),(12,1,'2017-04-26 19:01:16'),(7,1,'2017-04-26 19:01:16'),(11,1,'2017-04-26 19:01:16'),(7,1,'2017-04-26 19:01:16'),(13,1,'2017-04-26 19:01:16'),(8,1,'2017-04-26 19:01:16'),(3,1,'2017-04-26 19:01:16'),(1,1,'2017-04-26 19:01:16'),(6,1,'2017-04-26 19:01:16'),(11,1,'2017-04-26 19:01:16'),(12,1,'2017-04-26 19:01:16'),(12,1,'2017-04-26 19:01:16'),(7,1,'2017-04-26 19:01:16'),(7,1,'2017-04-26 19:01:16'),(13,1,'2017-04-26 19:02:10'),(8,1,'2017-04-26 19:02:10'),(3,1,'2017-04-26 19:02:10'),(5,1,'2017-04-26 19:02:10'),(15,1,'2017-04-26 19:02:10'),(2,1,'2017-04-26 19:02:10'),(2,1,'2017-04-26 19:02:10'),(10,1,'2017-04-26 19:02:10'),(1,1,'2017-04-26 19:02:10'),(12,1,'2017-04-26 19:02:10'),(13,1,'2017-04-26 19:02:10'),(8,1,'2017-04-26 19:02:10'),(3,1,'2017-04-26 19:02:10'),(1,1,'2017-04-26 19:02:10'),(14,1,'2017-04-26 19:02:10'),(14,1,'2017-04-26 19:02:10'),(11,1,'2017-04-26 19:02:10'),(14,1,'2017-04-26 19:02:10'),(14,1,'2017-04-26 19:02:10'),(7,1,'2017-04-26 19:02:10'),(13,1,'2017-04-26 19:02:49'),(8,1,'2017-04-26 19:02:49'),(3,1,'2017-04-26 19:02:49'),(7,1,'2017-04-26 19:02:49'),(6,1,'2017-04-26 19:02:49'),(14,1,'2017-04-26 19:02:49'),(1,1,'2017-04-26 19:02:49'),(14,1,'2017-04-26 19:02:49'),(1,1,'2017-04-26 19:02:49'),(1,1,'2017-04-26 19:02:49'),(13,1,'2017-04-26 19:02:49'),(8,1,'2017-04-26 19:02:49'),(3,1,'2017-04-26 19:02:49'),(5,1,'2017-04-26 19:02:49'),(15,1,'2017-04-26 19:02:49'),(14,1,'2017-04-26 19:02:49'),(1,1,'2017-04-26 19:02:49'),(4,1,'2017-04-26 19:02:49'),(1,1,'2017-04-26 19:02:49'),(1,1,'2017-04-26 19:02:49'),(13,1,'2017-04-26 19:04:20'),(8,1,'2017-04-26 19:04:20'),(3,1,'2017-04-26 19:04:20'),(11,1,'2017-04-26 19:04:20'),(12,1,'2017-04-26 19:04:20'),(7,1,'2017-04-26 19:04:20'),(12,1,'2017-04-26 19:04:20'),(1,1,'2017-04-26 19:04:20'),(7,1,'2017-04-26 19:04:20'),(1,1,'2017-04-26 19:04:20'),(13,1,'2017-04-26 19:04:20'),(8,1,'2017-04-26 19:04:20'),(3,1,'2017-04-26 19:04:20'),(5,1,'2017-04-26 19:04:20'),(12,1,'2017-04-26 19:04:20'),(2,1,'2017-04-26 19:04:20'),(11,1,'2017-04-26 19:04:20'),(10,1,'2017-04-26 19:04:20'),(12,1,'2017-04-26 19:04:20'),(1,1,'2017-04-26 19:04:20'),(13,1,'2017-04-26 19:12:58'),(8,1,'2017-04-26 19:12:58'),(3,1,'2017-04-26 19:12:58'),(15,1,'2017-04-26 19:12:58'),(6,1,'2017-04-26 19:12:58'),(12,1,'2017-04-26 19:12:58'),(7,1,'2017-04-26 19:12:58'),(7,1,'2017-04-26 19:12:58'),(1,1,'2017-04-26 19:12:58'),(1,1,'2017-04-26 19:12:58'),(13,1,'2017-04-26 19:12:59'),(8,1,'2017-04-26 19:12:59'),(3,1,'2017-04-26 19:12:59'),(14,1,'2017-04-26 19:12:59'),(5,1,'2017-04-26 19:12:59'),(6,1,'2017-04-26 19:12:59'),(14,1,'2017-04-26 19:12:59'),(11,1,'2017-04-26 19:12:59'),(1,1,'2017-04-26 19:12:59'),(10,1,'2017-04-26 19:12:59'),(13,1,'2017-04-26 19:13:08'),(8,1,'2017-04-26 19:13:08'),(3,1,'2017-04-26 19:13:08'),(15,1,'2017-04-26 19:13:08'),(6,1,'2017-04-26 19:13:08'),(12,1,'2017-04-26 19:13:08'),(12,1,'2017-04-26 19:13:08'),(5,1,'2017-04-26 19:13:08'),(6,1,'2017-04-26 19:13:08'),(12,1,'2017-04-26 19:13:08'),(13,1,'2017-04-26 19:13:08'),(8,1,'2017-04-26 19:13:08'),(3,1,'2017-04-26 19:13:08'),(15,1,'2017-04-26 19:13:08'),(5,1,'2017-04-26 19:13:08'),(4,1,'2017-04-26 19:13:08'),(12,1,'2017-04-26 19:13:08'),(4,1,'2017-04-26 19:13:08'),(4,1,'2017-04-26 19:13:08'),(7,1,'2017-04-26 19:13:08'),(13,1,'2017-04-26 19:17:52'),(3,1,'2017-04-26 19:17:52'),(8,1,'2017-04-26 19:17:52'),(15,1,'2017-04-26 19:17:52'),(13,1,'2017-04-26 19:17:52'),(8,1,'2017-04-26 19:17:52'),(3,1,'2017-04-26 19:17:52'),(13,1,'2017-04-26 19:19:30'),(8,1,'2017-04-26 19:19:30'),(3,1,'2017-04-26 19:19:30'),(13,1,'2017-04-26 19:19:30'),(8,1,'2017-04-26 19:19:30'),(3,1,'2017-04-26 19:19:30'),(13,1,'2017-04-26 19:20:18'),(8,1,'2017-04-26 19:20:18'),(3,1,'2017-04-26 19:20:18'),(13,1,'2017-04-26 19:20:19'),(8,1,'2017-04-26 19:20:19'),(3,1,'2017-04-26 19:20:19'),(13,1,'2017-04-26 19:21:51'),(8,1,'2017-04-26 19:21:51'),(3,1,'2017-04-26 19:21:51'),(13,1,'2017-04-26 19:21:52'),(8,1,'2017-04-26 19:21:52'),(3,1,'2017-04-26 19:21:52'),(13,1,'2017-04-26 19:22:35'),(8,1,'2017-04-26 19:22:35'),(3,1,'2017-04-26 19:22:35'),(13,1,'2017-04-26 19:22:35'),(8,1,'2017-04-26 19:22:35'),(3,1,'2017-04-26 19:22:35'),(13,1,'2017-04-26 19:23:27'),(3,1,'2017-04-26 19:23:27'),(8,1,'2017-04-26 19:23:27'),(13,1,'2017-04-26 19:23:27'),(8,1,'2017-04-26 19:23:27'),(3,1,'2017-04-26 19:23:27'),(13,1,'2017-04-26 19:23:54'),(8,1,'2017-04-26 19:23:54'),(3,1,'2017-04-26 19:23:54'),(13,1,'2017-04-26 19:23:54'),(8,1,'2017-04-26 19:23:54'),(3,1,'2017-04-26 19:23:54'),(13,1,'2017-04-26 19:23:56'),(8,1,'2017-04-26 19:23:56'),(3,1,'2017-04-26 19:23:56'),(13,1,'2017-04-26 19:23:56'),(8,1,'2017-04-26 19:23:56'),(3,1,'2017-04-26 19:23:56'),(13,1,'2017-04-26 19:24:04'),(3,1,'2017-04-26 19:24:04'),(8,1,'2017-04-26 19:24:04'),(13,1,'2017-04-26 19:24:04'),(8,1,'2017-04-26 19:24:04'),(3,1,'2017-04-26 19:24:04'),(13,1,'2017-04-26 19:24:06'),(8,1,'2017-04-26 19:24:06'),(3,1,'2017-04-26 19:24:06'),(13,1,'2017-04-26 19:24:06'),(8,1,'2017-04-26 19:24:06'),(3,1,'2017-04-26 19:24:06'),(13,1,'2017-04-26 19:25:46'),(3,1,'2017-04-26 19:25:46'),(8,1,'2017-04-26 19:25:46'),(13,1,'2017-04-26 19:25:46'),(8,1,'2017-04-26 19:25:46'),(3,1,'2017-04-26 19:25:46'),(13,1,'2017-04-26 19:25:57'),(8,1,'2017-04-26 19:25:57'),(3,1,'2017-04-26 19:25:57'),(13,1,'2017-04-26 19:25:57'),(8,1,'2017-04-26 19:25:57'),(13,1,'2017-04-26 19:27:37'),(13,1,'2017-04-26 19:27:37'),(13,1,'2017-04-26 19:28:42'),(13,1,'2017-04-26 19:28:42'),(13,1,'2017-04-26 19:29:52'),(4,1,'2017-04-26 19:29:52'),(13,1,'2017-04-26 19:29:52'),(15,1,'2017-04-26 19:29:52'),(7,1,'2017-04-26 19:29:52'),(1,1,'2017-04-26 19:29:52'),(7,1,'2017-04-26 19:29:52'),(4,1,'2017-04-26 19:29:52'),(14,1,'2017-04-26 19:29:52'),(11,1,'2017-04-26 19:29:52'),(13,1,'2017-04-26 19:29:53'),(6,1,'2017-04-26 19:29:53'),(5,1,'2017-04-26 19:29:53'),(8,1,'2017-04-26 19:29:53'),(3,1,'2017-04-26 19:29:53'),(13,1,'2017-04-26 19:29:53'),(7,1,'2017-04-26 19:29:53'),(13,1,'2017-04-26 19:29:53'),(6,1,'2017-04-26 19:29:53'),(3,1,'2017-04-26 19:29:53'),(13,1,'2017-04-26 19:31:04'),(8,1,'2017-04-26 19:31:04'),(5,1,'2017-04-26 19:31:04'),(3,1,'2017-04-26 19:31:04'),(15,1,'2017-04-26 19:31:04'),(11,1,'2017-04-26 19:31:04'),(10,1,'2017-04-26 19:31:04'),(12,1,'2017-04-26 19:31:04'),(2,1,'2017-04-26 19:31:04'),(11,1,'2017-04-26 19:31:04'),(13,1,'2017-04-26 19:31:04'),(8,1,'2017-04-26 19:31:04'),(7,1,'2017-04-26 19:31:04'),(1,1,'2017-04-26 19:31:04'),(6,1,'2017-04-26 19:31:04'),(7,1,'2017-04-26 19:31:04'),(13,1,'2017-04-26 19:31:04'),(1,1,'2017-04-26 19:31:04'),(5,1,'2017-04-26 19:31:04'),(12,1,'2017-04-26 19:31:04'),(13,1,'2017-04-26 19:31:39'),(15,1,'2017-04-26 19:31:39'),(8,1,'2017-04-26 19:31:39'),(3,1,'2017-04-26 19:31:39'),(8,1,'2017-04-26 19:31:39'),(7,1,'2017-04-26 19:31:39'),(14,1,'2017-04-26 19:31:39'),(5,1,'2017-04-26 19:31:39'),(6,1,'2017-04-26 19:31:39'),(13,1,'2017-04-26 19:31:39'),(13,1,'2017-04-26 19:31:39'),(15,1,'2017-04-26 19:31:39'),(8,1,'2017-04-26 19:31:39'),(3,1,'2017-04-26 19:31:39'),(8,1,'2017-04-26 19:31:39'),(13,1,'2017-04-26 19:31:39'),(5,1,'2017-04-26 19:31:39'),(15,1,'2017-04-26 19:31:39'),(14,1,'2017-04-26 19:31:39'),(1,1,'2017-04-26 19:31:39'),(13,1,'2017-04-26 19:33:28'),(3,1,'2017-04-26 19:33:28'),(6,1,'2017-04-26 19:33:28'),(2,1,'2017-04-26 19:33:28'),(12,1,'2017-04-26 19:33:28'),(12,1,'2017-04-26 19:33:28'),(13,1,'2017-04-26 19:33:28'),(12,1,'2017-04-26 19:33:28'),(4,1,'2017-04-26 19:33:28'),(1,1,'2017-04-26 19:33:28'),(13,1,'2017-04-26 19:33:28'),(3,1,'2017-04-26 19:33:28'),(2,1,'2017-04-26 19:33:28'),(9,1,'2017-04-26 19:33:28'),(9,1,'2017-04-26 19:33:28'),(5,1,'2017-04-26 19:33:28'),(5,1,'2017-04-26 19:33:28'),(9,1,'2017-04-26 19:33:28'),(3,1,'2017-04-26 19:33:28'),(9,1,'2017-04-26 19:33:28'),(13,1,'2017-04-26 19:36:08'),(15,1,'2017-04-26 19:36:08'),(6,1,'2017-04-26 19:36:08'),(8,1,'2017-04-26 19:36:08'),(3,1,'2017-04-26 19:36:08'),(7,1,'2017-04-26 19:36:08'),(14,1,'2017-04-26 19:36:08'),(13,1,'2017-04-26 19:36:08'),(2,1,'2017-04-26 19:36:08'),(3,1,'2017-04-26 19:36:08'),(13,1,'2017-04-26 19:36:08'),(8,1,'2017-04-26 19:36:08'),(15,1,'2017-04-26 19:36:08'),(6,1,'2017-04-26 19:36:08'),(10,1,'2017-04-26 19:36:08'),(11,1,'2017-04-26 19:36:08'),(11,1,'2017-04-26 19:36:08'),(3,1,'2017-04-26 19:36:08'),(15,1,'2017-04-26 19:36:08'),(5,1,'2017-04-26 19:36:08'),(13,1,'2017-04-26 19:38:09'),(8,1,'2017-04-26 19:38:09'),(3,1,'2017-04-26 19:38:09'),(2,1,'2017-04-26 19:38:09'),(6,1,'2017-04-26 19:38:09'),(1,1,'2017-04-26 19:38:09'),(6,1,'2017-04-26 19:38:09'),(11,1,'2017-04-26 19:38:09'),(6,1,'2017-04-26 19:38:09'),(5,1,'2017-04-26 19:38:09'),(13,1,'2017-04-26 19:38:09'),(8,1,'2017-04-26 19:38:10'),(15,1,'2017-04-26 19:38:10'),(3,1,'2017-04-26 19:38:10'),(2,1,'2017-04-26 19:38:10'),(11,1,'2017-04-26 19:38:10'),(5,1,'2017-04-26 19:38:10'),(12,1,'2017-04-26 19:38:10'),(1,1,'2017-04-26 19:38:10'),(12,1,'2017-04-26 19:38:10'),(13,1,'2017-04-26 19:39:06'),(8,1,'2017-04-26 19:39:06'),(2,1,'2017-04-26 19:39:06'),(3,1,'2017-04-26 19:39:06'),(15,1,'2017-04-26 19:39:06'),(10,1,'2017-04-26 19:39:06'),(7,1,'2017-04-26 19:39:06'),(11,1,'2017-04-26 19:39:06'),(5,1,'2017-04-26 19:39:06'),(5,1,'2017-04-26 19:39:06'),(13,1,'2017-04-26 19:39:07'),(8,1,'2017-04-26 19:39:07'),(3,1,'2017-04-26 19:39:07'),(14,1,'2017-04-26 19:39:07'),(6,1,'2017-04-26 19:39:07'),(14,1,'2017-04-26 19:39:07'),(3,1,'2017-04-26 19:39:07'),(14,1,'2017-04-26 19:39:07'),(3,1,'2017-04-26 19:39:07'),(6,1,'2017-04-26 19:39:07'),(13,1,'2017-04-26 19:41:13'),(8,1,'2017-04-26 19:41:13'),(2,1,'2017-04-26 19:41:13'),(15,1,'2017-04-26 19:41:13'),(3,1,'2017-04-26 19:41:13'),(13,1,'2017-04-26 19:43:16'),(8,1,'2017-04-26 19:43:16'),(2,1,'2017-04-26 19:43:16'),(15,1,'2017-04-26 19:43:16'),(13,1,'2017-04-26 19:44:04'),(8,1,'2017-04-26 19:44:04'),(13,1,'2017-04-26 19:48:14'),(8,1,'2017-04-26 19:48:14'),(13,1,'2017-04-26 19:49:08'),(8,1,'2017-04-26 19:49:08'),(13,1,'2017-04-26 19:50:05'),(13,2,'2017-04-26 19:50:05'),(13,1,'2017-04-26 19:50:36'),(13,2,'2017-04-26 19:50:36'),(13,1,'2017-04-26 19:50:37'),(13,2,'2017-04-26 19:50:37'),(13,1,'2017-04-26 19:50:38'),(13,2,'2017-04-26 19:50:38'),(13,1,'2017-04-26 19:50:39'),(13,2,'2017-04-26 19:50:39'),(13,1,'2017-04-26 19:50:40'),(13,2,'2017-04-26 19:50:40'),(13,1,'2017-04-26 19:50:41'),(13,2,'2017-04-26 19:50:41'),(13,1,'2017-04-26 19:50:43'),(13,2,'2017-04-26 19:50:43'),(13,1,'2017-04-26 19:50:44'),(13,2,'2017-04-26 19:50:43'),(13,1,'2017-04-26 19:51:09'),(13,2,'2017-04-26 19:50:43'),(13,1,'2017-04-26 19:51:11'),(13,1,'2017-04-26 19:52:34'),(13,1,'2017-04-26 19:53:14'),(13,1,'2017-04-26 19:53:15'),(13,1,'2017-04-26 19:53:55'),(13,1,'2017-04-26 19:56:36'),(13,1,'2017-04-26 19:58:18'),(13,1,'2017-04-26 19:59:06'),(13,1,'2017-04-26 20:00:35'),(12,1,'2017-04-26 20:03:44'),(10,1,'2017-04-26 20:03:44'),(6,1,'2017-04-26 20:03:44'),(4,1,'2017-04-26 20:03:44'),(13,1,'2017-04-26 20:03:44'),(9,1,'2017-04-26 20:03:44'),(1,1,'2017-04-26 20:03:44'),(3,1,'2017-04-26 20:03:44'),(14,1,'2017-04-26 20:03:44'),(2,1,'2017-04-26 20:03:44'),(12,1,'2017-04-26 20:08:25'),(6,1,'2017-04-26 20:08:25'),(4,1,'2017-04-26 20:08:25'),(1,1,'2017-04-26 20:08:25'),(15,1,'2017-04-26 20:08:25'),(10,1,'2017-04-26 20:08:25'),(9,1,'2017-04-26 20:08:25'),(2,1,'2017-04-26 20:08:25'),(11,1,'2017-04-26 20:08:25'),(9,1,'2017-04-26 20:08:27'),(2,1,'2017-04-26 20:08:27'),(4,1,'2017-04-26 20:08:27'),(15,1,'2017-04-26 20:08:27'),(13,1,'2017-04-26 20:08:27'),(3,1,'2017-04-26 20:08:27'),(10,1,'2017-04-26 20:08:27'),(12,1,'2017-04-26 20:08:27'),(7,1,'2017-04-26 20:08:27'),(9,1,'2017-04-26 20:08:29'),(6,1,'2017-04-26 20:08:29'),(4,1,'2017-04-26 20:08:29'),(3,1,'2017-04-26 20:08:29'),(11,1,'2017-04-26 20:08:29'),(1,1,'2017-04-26 20:08:29'),(14,1,'2017-04-26 20:08:29'),(8,1,'2017-04-26 20:08:29'),(5,1,'2017-04-26 20:08:29'),(12,1,'2017-04-26 20:08:29'),(9,1,'2017-04-26 20:08:30'),(2,1,'2017-04-26 20:08:30'),(4,1,'2017-04-26 20:08:30'),(15,1,'2017-04-26 20:08:30'),(6,1,'2017-04-26 20:08:30'),(10,1,'2017-04-26 20:08:30'),(11,1,'2017-04-26 20:08:30'),(7,1,'2017-04-26 20:08:30'),(5,1,'2017-04-26 20:08:30'),(2,1,'2017-04-26 20:15:27'),(7,1,'2017-04-26 20:15:27'),(10,1,'2017-04-26 20:15:27'),(12,1,'2017-04-26 20:15:27'),(14,1,'2017-04-26 20:15:27'),(3,1,'2017-04-26 20:15:27'),(15,1,'2017-04-26 20:15:27'),(13,1,'2017-04-26 20:15:27'),(1,1,'2017-04-26 20:15:27'),(2,1,'2017-04-26 20:15:27'),(7,1,'2017-04-26 20:15:27'),(10,1,'2017-04-26 20:15:27'),(12,1,'2017-04-26 20:15:27'),(1,1,'2017-04-26 20:15:27'),(4,1,'2017-04-26 20:15:27'),(3,1,'2017-04-26 20:15:27'),(8,1,'2017-04-26 20:15:27'),(5,1,'2017-04-26 20:15:27'),(13,1,'2017-04-26 20:15:27'),(2,1,'2017-04-26 20:15:58'),(7,1,'2017-04-26 20:15:58'),(10,1,'2017-04-26 20:15:58'),(12,1,'2017-04-26 20:15:58'),(8,1,'2017-04-26 20:15:58'),(3,1,'2017-04-26 20:15:58'),(4,1,'2017-04-26 20:15:58'),(1,1,'2017-04-26 20:15:58'),(13,1,'2017-04-26 20:15:58'),(6,1,'2017-04-26 20:15:58'),(2,1,'2017-04-26 20:15:58'),(7,1,'2017-04-26 20:15:58'),(10,1,'2017-04-26 20:15:58'),(12,1,'2017-04-26 20:15:58'),(1,1,'2017-04-26 20:15:58'),(6,1,'2017-04-26 20:15:58'),(9,1,'2017-04-26 20:15:58'),(15,1,'2017-04-26 20:15:58'),(5,1,'2017-04-26 20:15:58'),(14,1,'2017-04-26 20:16:08'),(9,1,'2017-04-26 20:16:08'),(6,1,'2017-04-26 20:16:08'),(4,1,'2017-04-26 20:16:08'),(8,1,'2017-04-26 20:16:08'),(12,1,'2017-04-26 20:16:08'),(5,1,'2017-04-26 20:16:08'),(7,1,'2017-04-26 20:16:08'),(2,1,'2017-04-26 20:16:08'),(15,1,'2017-04-26 20:16:08'),(14,1,'2017-04-26 20:16:09'),(9,1,'2017-04-26 20:16:09'),(4,1,'2017-04-26 20:16:09'),(6,1,'2017-04-26 20:16:09'),(2,1,'2017-04-26 20:16:09'),(10,1,'2017-04-26 20:16:09'),(8,1,'2017-04-26 20:16:09'),(7,1,'2017-04-26 20:16:09'),(1,1,'2017-04-26 20:16:09'),(13,1,'2017-04-26 20:17:13'),(8,1,'2017-04-26 20:17:13'),(3,1,'2017-04-26 20:17:13'),(5,1,'2017-04-26 20:17:13'),(15,1,'2017-04-26 20:17:13'),(1,1,'2017-04-26 20:17:13'),(14,1,'2017-04-26 20:17:13'),(11,1,'2017-04-26 20:17:13'),(7,1,'2017-04-26 20:17:13'),(13,1,'2017-04-26 20:17:14'),(3,1,'2017-04-26 20:17:14'),(8,1,'2017-04-26 20:17:14'),(5,1,'2017-04-26 20:17:14'),(15,1,'2017-04-26 20:17:14'),(7,1,'2017-04-26 20:17:14'),(11,1,'2017-04-26 20:17:14'),(4,1,'2017-04-26 20:17:14'),(9,1,'2017-04-26 20:17:14'),(2,1,'2017-04-26 20:17:14'),(13,1,'2017-04-26 20:17:32'),(8,1,'2017-04-26 20:17:32'),(3,1,'2017-04-26 20:17:32'),(5,1,'2017-04-26 20:17:32'),(6,1,'2017-04-26 20:17:32'),(11,1,'2017-04-26 20:17:32'),(12,1,'2017-04-26 20:17:32'),(1,1,'2017-04-26 20:17:32'),(4,1,'2017-04-26 20:17:32'),(13,1,'2017-04-26 20:17:40'),(3,1,'2017-04-26 20:17:40'),(8,1,'2017-04-26 20:17:40'),(15,1,'2017-04-26 20:17:40'),(5,1,'2017-04-26 20:17:40'),(9,1,'2017-04-26 20:17:40'),(7,1,'2017-04-26 20:17:40'),(6,1,'2017-04-26 20:17:40'),(12,1,'2017-04-26 20:17:40'),(1,1,'2017-04-26 20:17:40'),(13,1,'2017-04-26 20:17:42'),(8,1,'2017-04-26 20:17:42'),(3,1,'2017-04-26 20:17:42'),(5,1,'2017-04-26 20:17:42'),(15,1,'2017-04-26 20:17:42'),(11,1,'2017-04-26 20:17:42'),(7,1,'2017-04-26 20:17:42'),(2,1,'2017-04-26 20:17:42'),(9,1,'2017-04-26 20:17:42'),(13,1,'2017-04-26 20:17:47'),(8,1,'2017-04-26 20:17:47'),(3,1,'2017-04-26 20:17:47'),(1,1,'2017-04-26 20:17:47'),(14,1,'2017-04-26 20:17:47'),(9,1,'2017-04-26 20:17:47'),(6,1,'2017-04-26 20:17:47'),(5,1,'2017-04-26 20:17:47'),(2,1,'2017-04-26 20:17:47'),(13,1,'2017-04-26 20:17:48'),(3,1,'2017-04-26 20:17:48'),(8,1,'2017-04-26 20:17:48'),(15,1,'2017-04-26 20:17:49'),(11,1,'2017-04-26 20:17:49'),(6,1,'2017-04-26 20:17:49'),(9,1,'2017-04-26 20:17:49'),(4,1,'2017-04-26 20:17:49'),(7,1,'2017-04-26 20:17:49'),(13,1,'2017-04-26 20:17:50'),(8,1,'2017-04-26 20:17:50'),(3,1,'2017-04-26 20:17:50'),(2,1,'2017-04-26 20:17:50'),(6,1,'2017-04-26 20:17:50'),(1,1,'2017-04-26 20:17:50'),(10,1,'2017-04-26 20:17:50'),(12,1,'2017-04-26 20:17:50'),(7,1,'2017-04-26 20:17:50'),(9,1,'2017-04-26 20:17:50'),(13,1,'2017-04-26 20:17:50'),(3,1,'2017-04-26 20:17:50'),(8,1,'2017-04-26 20:17:50'),(15,1,'2017-04-26 20:17:50'),(5,1,'2017-04-26 20:17:50'),(2,1,'2017-04-26 20:17:50'),(4,1,'2017-04-26 20:17:50'),(11,1,'2017-04-26 20:17:50'),(9,1,'2017-04-26 20:17:50'),(13,1,'2017-04-26 20:17:52'),(8,1,'2017-04-26 20:17:52'),(3,1,'2017-04-26 20:17:52'),(5,1,'2017-04-26 20:17:52'),(15,1,'2017-04-26 20:17:52'),(6,1,'2017-04-26 20:17:52'),(7,1,'2017-04-26 20:17:52'),(2,1,'2017-04-26 20:17:52'),(11,1,'2017-04-26 20:17:52'),(4,1,'2017-04-26 20:17:52'),(13,1,'2017-04-26 20:17:54'),(3,1,'2017-04-26 20:17:54'),(8,1,'2017-04-26 20:17:54'),(15,1,'2017-04-26 20:17:54'),(5,1,'2017-04-26 20:17:54'),(14,1,'2017-04-26 20:17:54'),(6,1,'2017-04-26 20:17:54'),(10,1,'2017-04-26 20:17:54'),(12,1,'2017-04-26 20:17:54'),(13,1,'2017-04-26 20:17:56'),(8,1,'2017-04-26 20:17:56'),(3,1,'2017-04-26 20:17:56'),(5,1,'2017-04-26 20:17:56'),(15,1,'2017-04-26 20:17:56'),(7,1,'2017-04-26 20:17:56'),(9,1,'2017-04-26 20:17:56'),(6,1,'2017-04-26 20:17:56'),(10,1,'2017-04-26 20:17:56'),(13,2,'2017-04-26 20:17:56'),(13,1,'2017-04-26 20:17:57'),(3,1,'2017-04-26 20:17:57'),(8,1,'2017-04-26 20:17:57'),(5,1,'2017-04-26 20:17:57'),(15,1,'2017-04-26 20:17:57'),(4,1,'2017-04-26 20:17:57'),(7,1,'2017-04-26 20:17:57'),(1,1,'2017-04-26 20:17:57'),(14,1,'2017-04-26 20:17:57'),(3,2,'2017-04-26 20:17:57'),(13,1,'2017-04-26 20:17:58'),(8,1,'2017-04-26 20:17:58'),(3,1,'2017-04-26 20:17:58'),(11,1,'2017-04-26 20:17:58'),(7,1,'2017-04-26 20:17:58'),(6,1,'2017-04-26 20:17:58'),(12,1,'2017-04-26 20:17:58'),(1,1,'2017-04-26 20:17:58'),(5,1,'2017-04-26 20:17:58'),(4,1,'2017-04-26 20:17:58'),(13,2,'2017-04-26 20:17:58'),(13,1,'2017-04-26 20:18:00'),(3,1,'2017-04-26 20:18:00'),(8,1,'2017-04-26 20:18:00'),(2,1,'2017-04-26 20:18:00'),(14,1,'2017-04-26 20:18:00'),(1,1,'2017-04-26 20:18:00'),(11,1,'2017-04-26 20:18:00'),(5,1,'2017-04-26 20:18:00'),(10,1,'2017-04-26 20:18:00'),(3,2,'2017-04-26 20:18:00'),(13,1,'2017-04-26 20:18:02'),(3,1,'2017-04-26 20:18:02'),(8,1,'2017-04-26 20:18:02'),(5,1,'2017-04-26 20:18:02'),(11,1,'2017-04-26 20:18:02'),(6,1,'2017-04-26 20:18:02'),(14,1,'2017-04-26 20:18:02'),(9,1,'2017-04-26 20:18:02'),(2,1,'2017-04-26 20:18:02'),(13,2,'2017-04-26 20:18:02'),(13,1,'2017-04-26 20:18:03'),(3,1,'2017-04-26 20:18:03'),(8,1,'2017-04-26 20:18:03'),(15,1,'2017-04-26 20:18:03'),(12,1,'2017-04-26 20:18:03'),(14,1,'2017-04-26 20:18:03'),(1,1,'2017-04-26 20:18:03'),(5,1,'2017-04-26 20:18:03'),(7,1,'2017-04-26 20:18:03'),(2,1,'2017-04-26 20:18:03'),(8,2,'2017-04-26 20:18:03'),(13,1,'2017-04-26 20:18:04'),(3,1,'2017-04-26 20:18:04'),(8,1,'2017-04-26 20:18:04'),(15,1,'2017-04-26 20:18:04'),(6,1,'2017-04-26 20:18:04'),(5,1,'2017-04-26 20:18:04'),(2,1,'2017-04-26 20:18:04'),(9,1,'2017-04-26 20:18:04'),(14,1,'2017-04-26 20:18:04'),(8,2,'2017-04-26 20:18:04'),(13,1,'2017-04-26 20:18:05'),(3,1,'2017-04-26 20:18:05'),(8,1,'2017-04-26 20:18:05'),(15,1,'2017-04-26 20:18:05'),(6,1,'2017-04-26 20:18:05'),(4,1,'2017-04-26 20:18:05'),(11,1,'2017-04-26 20:18:05'),(2,1,'2017-04-26 20:18:05'),(1,1,'2017-04-26 20:18:05'),(12,1,'2017-04-26 20:18:05'),(8,2,'2017-04-26 20:18:05'),(13,1,'2017-04-26 20:18:06'),(8,1,'2017-04-26 20:18:06'),(3,1,'2017-04-26 20:18:06'),(15,1,'2017-04-26 20:18:06'),(11,1,'2017-04-26 20:18:06'),(2,1,'2017-04-26 20:18:06'),(5,1,'2017-04-26 20:18:06'),(9,1,'2017-04-26 20:18:06'),(10,1,'2017-04-26 20:18:06'),(4,1,'2017-04-26 20:18:06'),(3,2,'2017-04-26 20:18:06'),(13,1,'2017-04-26 20:18:06'),(8,1,'2017-04-26 20:18:06'),(3,1,'2017-04-26 20:18:06'),(15,1,'2017-04-26 20:18:06'),(6,1,'2017-04-26 20:18:06'),(10,1,'2017-04-26 20:18:06'),(12,1,'2017-04-26 20:18:06'),(4,1,'2017-04-26 20:18:06'),(1,1,'2017-04-26 20:18:06'),(14,1,'2017-04-26 20:18:06'),(8,2,'2017-04-26 20:18:06'),(13,1,'2017-04-26 20:18:07'),(8,1,'2017-04-26 20:18:07'),(3,1,'2017-04-26 20:18:07'),(15,1,'2017-04-26 20:18:07'),(6,1,'2017-04-26 20:18:07'),(14,1,'2017-04-26 20:18:07'),(10,1,'2017-04-26 20:18:07'),(1,1,'2017-04-26 20:18:07'),(5,1,'2017-04-26 20:18:07'),(7,1,'2017-04-26 20:18:07'),(8,2,'2017-04-26 20:18:07'),(13,1,'2017-04-26 20:18:08'),(8,1,'2017-04-26 20:18:08'),(3,1,'2017-04-26 20:18:08'),(1,1,'2017-04-26 20:18:08'),(14,1,'2017-04-26 20:18:08'),(10,1,'2017-04-26 20:18:08'),(5,1,'2017-04-26 20:18:08'),(6,1,'2017-04-26 20:18:08'),(2,1,'2017-04-26 20:18:08'),(8,2,'2017-04-26 20:18:08'),(13,1,'2017-04-26 20:18:09'),(8,1,'2017-04-26 20:18:09'),(3,1,'2017-04-26 20:18:09'),(15,1,'2017-04-26 20:18:09'),(4,1,'2017-04-26 20:18:09'),(14,1,'2017-04-26 20:18:09'),(7,1,'2017-04-26 20:18:09'),(10,1,'2017-04-26 20:18:09'),(5,1,'2017-04-26 20:18:09'),(8,2,'2017-04-26 20:18:09'),(13,1,'2017-04-26 20:18:10'),(8,1,'2017-04-26 20:18:10'),(3,1,'2017-04-26 20:18:10'),(11,1,'2017-04-26 20:18:10'),(2,1,'2017-04-26 20:18:10'),(6,1,'2017-04-26 20:18:10'),(14,1,'2017-04-26 20:18:10'),(10,1,'2017-04-26 20:18:10'),(12,1,'2017-04-26 20:18:10'),(8,2,'2017-04-26 20:18:10'),(13,1,'2017-04-26 20:18:10'),(8,1,'2017-04-26 20:18:10'),(3,1,'2017-04-26 20:18:10'),(5,1,'2017-04-26 20:18:10'),(14,1,'2017-04-26 20:18:10'),(12,1,'2017-04-26 20:18:10'),(9,1,'2017-04-26 20:18:10'),(1,1,'2017-04-26 20:18:10'),(10,1,'2017-04-26 20:18:10'),(2,1,'2017-04-26 20:18:10'),(8,2,'2017-04-26 20:18:10'),(13,1,'2017-04-26 20:18:11'),(8,1,'2017-04-26 20:18:11'),(3,1,'2017-04-26 20:18:11'),(15,1,'2017-04-26 20:18:11'),(6,1,'2017-04-26 20:18:11'),(2,1,'2017-04-26 20:18:11'),(14,1,'2017-04-26 20:18:11'),(5,1,'2017-04-26 20:18:11'),(12,1,'2017-04-26 20:18:11'),(11,1,'2017-04-26 20:18:11'),(8,2,'2017-04-26 20:18:11'),(13,1,'2017-04-26 20:18:12'),(8,1,'2017-04-26 20:18:12'),(3,1,'2017-04-26 20:18:12'),(15,1,'2017-04-26 20:18:12'),(6,1,'2017-04-26 20:18:12'),(7,1,'2017-04-26 20:18:12'),(1,1,'2017-04-26 20:18:12'),(14,1,'2017-04-26 20:18:12'),(9,1,'2017-04-26 20:18:12'),(12,1,'2017-04-26 20:18:12'),(8,2,'2017-04-26 20:18:12'),(13,1,'2017-04-26 20:18:12'),(8,1,'2017-04-26 20:18:12'),(3,1,'2017-04-26 20:18:12'),(15,1,'2017-04-26 20:18:12'),(2,1,'2017-04-26 20:18:12'),(6,1,'2017-04-26 20:18:12'),(7,1,'2017-04-26 20:18:12'),(4,1,'2017-04-26 20:18:12'),(1,1,'2017-04-26 20:18:12'),(5,1,'2017-04-26 20:18:12'),(8,2,'2017-04-26 20:18:12'),(13,1,'2017-04-26 20:18:13'),(8,1,'2017-04-26 20:18:13'),(3,1,'2017-04-26 20:18:13'),(10,1,'2017-04-26 20:18:13'),(14,1,'2017-04-26 20:18:13'),(2,1,'2017-04-26 20:18:13'),(5,1,'2017-04-26 20:18:13'),(11,1,'2017-04-26 20:18:13'),(1,1,'2017-04-26 20:18:13'),(8,2,'2017-04-26 20:18:13'),(8,1,'2017-04-26 20:18:13'),(13,1,'2017-04-26 20:18:13'),(3,1,'2017-04-26 20:18:13'),(15,1,'2017-04-26 20:18:13'),(6,1,'2017-04-26 20:18:13'),(9,1,'2017-04-26 20:18:13'),(14,1,'2017-04-26 20:18:13'),(5,1,'2017-04-26 20:18:13'),(4,1,'2017-04-26 20:18:13'),(12,1,'2017-04-26 20:18:13'),(13,2,'2017-04-26 20:18:13'),(8,1,'2017-04-26 20:18:14'),(13,1,'2017-04-26 20:18:14'),(3,1,'2017-04-26 20:18:14'),(15,1,'2017-04-26 20:18:14'),(14,1,'2017-04-26 20:18:14'),(7,1,'2017-04-26 20:18:14'),(1,1,'2017-04-26 20:18:14'),(2,1,'2017-04-26 20:18:14'),(11,1,'2017-04-26 20:18:14'),(9,1,'2017-04-26 20:18:14'),(3,2,'2017-04-26 20:18:14'),(8,1,'2017-04-26 20:18:18'),(13,1,'2017-04-26 20:18:18'),(3,1,'2017-04-26 20:18:18'),(15,1,'2017-04-26 20:18:18'),(6,1,'2017-04-26 20:18:18'),(7,1,'2017-04-26 20:18:18'),(1,1,'2017-04-26 20:18:18'),(14,1,'2017-04-26 20:18:18'),(12,1,'2017-04-26 20:18:18'),(9,1,'2017-04-26 20:18:18'),(3,2,'2017-04-26 20:18:18'),(8,1,'2017-04-26 20:18:19'),(13,1,'2017-04-26 20:18:19'),(3,1,'2017-04-26 20:18:19'),(1,1,'2017-04-26 20:18:19'),(12,1,'2017-04-26 20:18:19'),(10,1,'2017-04-26 20:18:19'),(9,1,'2017-04-26 20:18:19'),(6,1,'2017-04-26 20:18:19'),(14,1,'2017-04-26 20:18:19'),(4,1,'2017-04-26 20:18:19'),(13,2,'2017-04-26 20:18:19'),(8,1,'2017-04-26 20:18:20'),(13,1,'2017-04-26 20:18:20'),(3,1,'2017-04-26 20:18:20'),(5,1,'2017-04-26 20:18:20'),(11,1,'2017-04-26 20:18:20'),(10,1,'2017-04-26 20:18:20'),(1,1,'2017-04-26 20:18:20'),(14,1,'2017-04-26 20:18:20'),(7,1,'2017-04-26 20:18:20'),(8,2,'2017-04-26 20:18:20'),(13,1,'2017-04-26 20:18:21'),(8,1,'2017-04-26 20:18:21'),(3,1,'2017-04-26 20:18:21'),(6,1,'2017-04-26 20:18:21'),(5,1,'2017-04-26 20:18:21'),(7,1,'2017-04-26 20:18:21'),(11,1,'2017-04-26 20:18:21'),(12,1,'2017-04-26 20:18:21'),(9,1,'2017-04-26 20:18:21'),(13,2,'2017-04-26 20:18:21'),(8,1,'2017-04-26 20:18:23'),(13,1,'2017-04-26 20:18:23'),(3,1,'2017-04-26 20:18:23'),(2,1,'2017-04-26 20:18:23'),(15,1,'2017-04-26 20:18:23'),(9,1,'2017-04-26 20:18:23'),(5,1,'2017-04-26 20:18:23'),(12,1,'2017-04-26 20:18:23'),(14,1,'2017-04-26 20:18:23'),(10,1,'2017-04-26 20:18:23'),(8,2,'2017-04-26 20:18:23'),(13,1,'2017-04-26 20:18:24'),(8,1,'2017-04-26 20:18:24'),(3,1,'2017-04-26 20:18:24'),(2,1,'2017-04-26 20:18:24'),(15,1,'2017-04-26 20:18:24'),(9,1,'2017-04-26 20:18:24'),(14,1,'2017-04-26 20:18:24'),(12,1,'2017-04-26 20:18:24'),(4,1,'2017-04-26 20:18:24'),(8,2,'2017-04-26 20:18:23'),(8,1,'2017-04-26 20:19:02'),(13,1,'2017-04-26 20:19:02'),(3,1,'2017-04-26 20:19:02'),(15,1,'2017-04-26 20:19:02'),(6,1,'2017-04-26 20:19:02'),(8,1,'2017-04-26 20:19:02'),(11,1,'2017-04-26 20:19:02'),(3,1,'2017-04-26 20:19:02'),(2,1,'2017-04-26 20:19:02'),(13,1,'2017-04-26 20:19:02'),(8,2,'2017-04-26 20:19:02'),(8,1,'2017-04-26 20:19:05'),(13,1,'2017-04-26 20:19:05'),(3,1,'2017-04-26 20:19:05'),(1,1,'2017-04-26 20:19:05'),(2,1,'2017-04-26 20:19:05'),(5,1,'2017-04-26 20:19:05'),(7,1,'2017-04-26 20:19:05'),(3,1,'2017-04-26 20:19:05'),(12,1,'2017-04-26 20:19:05'),(13,1,'2017-04-26 20:19:05'),(8,2,'2017-04-26 20:19:05'),(8,1,'2017-04-26 20:19:06'),(13,1,'2017-04-26 20:19:06'),(3,1,'2017-04-26 20:19:06'),(1,1,'2017-04-26 20:19:06'),(11,1,'2017-04-26 20:19:06'),(6,1,'2017-04-26 20:19:06'),(7,1,'2017-04-26 20:19:06'),(13,1,'2017-04-26 20:19:06'),(2,1,'2017-04-26 20:19:06'),(3,1,'2017-04-26 20:19:06'),(8,2,'2017-04-26 20:19:06'),(8,1,'2017-04-26 20:19:07'),(13,1,'2017-04-26 20:19:07'),(3,1,'2017-04-26 20:19:07'),(15,1,'2017-04-26 20:19:07'),(6,1,'2017-04-26 20:19:07'),(12,1,'2017-04-26 20:19:07'),(1,1,'2017-04-26 20:19:07'),(15,1,'2017-04-26 20:19:07'),(10,1,'2017-04-26 20:19:07'),(8,1,'2017-04-26 20:19:07'),(8,2,'2017-04-26 20:19:07'),(8,1,'2017-04-26 20:19:07'),(13,1,'2017-04-26 20:19:07'),(3,1,'2017-04-26 20:19:07'),(10,1,'2017-04-26 20:19:07'),(15,1,'2017-04-26 20:19:07'),(11,1,'2017-04-26 20:19:07'),(3,1,'2017-04-26 20:19:07'),(1,1,'2017-04-26 20:19:07'),(13,1,'2017-04-26 20:19:08'),(8,1,'2017-04-26 20:19:08'),(8,2,'2017-04-26 20:19:07'),(8,1,'2017-04-26 20:19:08'),(13,1,'2017-04-26 20:19:08'),(3,1,'2017-04-26 20:19:08'),(11,1,'2017-04-26 20:19:08'),(2,1,'2017-04-26 20:19:08'),(6,1,'2017-04-26 20:19:08'),(5,1,'2017-04-26 20:19:08'),(15,1,'2017-04-26 20:19:08'),(7,1,'2017-04-26 20:19:08'),(10,1,'2017-04-26 20:19:08'),(8,2,'2017-04-26 20:19:08'),(8,1,'2017-04-26 20:19:09'),(13,1,'2017-04-26 20:19:09'),(3,1,'2017-04-26 20:19:09'),(10,1,'2017-04-26 20:19:09'),(11,1,'2017-04-26 20:19:09'),(15,1,'2017-04-26 20:19:09'),(1,1,'2017-04-26 20:19:09'),(2,1,'2017-04-26 20:19:09'),(6,1,'2017-04-26 20:19:09'),(12,1,'2017-04-26 20:19:09'),(10,2,'2017-04-26 20:19:09'),(8,1,'2017-04-26 20:19:10'),(13,1,'2017-04-26 20:19:10'),(3,1,'2017-04-26 20:19:10'),(12,1,'2017-04-26 20:19:10'),(10,1,'2017-04-26 20:19:10'),(5,1,'2017-04-26 20:19:10'),(2,1,'2017-04-26 20:19:10'),(11,1,'2017-04-26 20:19:10'),(13,1,'2017-04-26 20:19:10'),(7,1,'2017-04-26 20:19:10'),(10,2,'2017-04-26 20:19:10'),(8,1,'2017-04-26 20:19:13'),(13,1,'2017-04-26 20:19:13'),(3,1,'2017-04-26 20:19:13'),(10,1,'2017-04-26 20:19:13'),(8,1,'2017-04-26 20:19:13'),(13,1,'2017-04-26 20:19:13'),(7,1,'2017-04-26 20:19:13'),(1,1,'2017-04-26 20:19:13'),(5,1,'2017-04-26 20:19:13'),(2,1,'2017-04-26 20:19:13'),(10,2,'2017-04-26 20:19:13'),(8,1,'2017-04-26 20:19:14'),(13,1,'2017-04-26 20:19:14'),(3,1,'2017-04-26 20:19:14'),(10,1,'2017-04-26 20:19:14'),(6,1,'2017-04-26 20:19:14'),(8,1,'2017-04-26 20:19:14'),(13,1,'2017-04-26 20:19:14'),(10,1,'2017-04-26 20:19:14'),(2,1,'2017-04-26 20:19:14'),(15,1,'2017-04-26 20:19:14'),(10,2,'2017-04-26 20:19:14'),(8,1,'2017-04-26 20:19:15'),(13,1,'2017-04-26 20:19:15'),(3,1,'2017-04-26 20:19:15'),(10,1,'2017-04-26 20:19:15'),(1,1,'2017-04-26 20:19:15'),(6,1,'2017-04-26 20:19:15'),(7,1,'2017-04-26 20:19:15'),(3,1,'2017-04-26 20:19:15'),(10,1,'2017-04-26 20:19:15'),(13,1,'2017-04-26 20:19:15'),(10,2,'2017-04-26 20:19:15'),(8,1,'2017-04-26 20:19:16'),(13,1,'2017-04-26 20:19:16'),(10,1,'2017-04-26 20:19:16'),(3,1,'2017-04-26 20:19:16'),(15,1,'2017-04-26 20:19:16'),(8,1,'2017-04-26 20:19:16'),(1,1,'2017-04-26 20:19:16'),(6,1,'2017-04-26 20:19:16'),(10,1,'2017-04-26 20:19:16'),(12,1,'2017-04-26 20:19:16'),(10,2,'2017-04-26 20:19:15'),(8,1,'2017-04-26 20:19:22'),(13,1,'2017-04-26 20:19:22'),(10,1,'2017-04-26 20:19:22'),(3,1,'2017-04-26 20:19:22'),(5,1,'2017-04-26 20:19:22'),(15,1,'2017-04-26 20:19:22'),(10,1,'2017-04-26 20:19:22'),(7,1,'2017-04-26 20:19:22'),(2,1,'2017-04-26 20:19:22'),(8,1,'2017-04-26 20:19:22'),(10,2,'2017-04-26 20:19:15'),(8,1,'2017-04-26 20:22:46'),(13,1,'2017-04-26 20:22:46'),(10,1,'2017-04-26 20:22:46'),(3,1,'2017-04-26 20:22:46'),(5,1,'2017-04-26 20:22:46'),(8,1,'2017-04-26 20:22:46'),(3,1,'2017-04-26 20:22:46'),(1,1,'2017-04-26 20:22:46'),(15,1,'2017-04-26 20:22:46'),(13,1,'2017-04-26 20:22:46'),(10,2,'2017-04-26 20:19:15'),(8,1,'2017-04-26 20:23:11'),(13,1,'2017-04-26 20:23:11'),(10,1,'2017-04-26 20:23:11'),(3,1,'2017-04-26 20:23:11'),(8,1,'2017-04-26 20:23:11'),(5,1,'2017-04-26 20:23:11'),(12,1,'2017-04-26 20:23:11'),(6,1,'2017-04-26 20:23:11'),(7,1,'2017-04-26 20:23:11'),(2,1,'2017-04-26 20:23:11'),(5,2,'2017-04-26 20:23:11'),(8,1,'2017-04-26 20:25:37'),(13,1,'2017-04-26 20:25:37'),(10,1,'2017-04-26 20:25:37'),(3,1,'2017-04-26 20:25:37'),(8,1,'2017-04-26 20:25:37'),(2,1,'2017-04-26 20:25:37'),(13,1,'2017-04-26 20:25:37'),(5,1,'2017-04-26 20:25:37'),(15,1,'2017-04-26 20:25:37'),(10,1,'2017-04-26 20:25:37'),(10,2,'2017-04-26 20:25:37'),(8,1,'2017-04-26 20:25:40'),(13,1,'2017-04-26 20:25:40'),(10,1,'2017-04-26 20:25:40'),(3,1,'2017-04-26 20:25:40'),(5,1,'2017-04-26 20:25:40'),(13,1,'2017-04-26 20:25:40'),(10,1,'2017-04-26 20:25:40'),(5,1,'2017-04-26 20:25:40'),(12,1,'2017-04-26 20:25:40'),(3,1,'2017-04-26 20:25:40'),(10,2,'2017-04-26 20:25:40'),(8,1,'2017-04-26 20:25:45'),(10,1,'2017-04-26 20:25:45'),(13,1,'2017-04-26 20:25:45'),(3,1,'2017-04-26 20:25:45'),(5,1,'2017-04-26 20:25:45'),(3,1,'2017-04-26 20:25:45'),(5,1,'2017-04-26 20:25:45'),(2,1,'2017-04-26 20:25:45'),(10,1,'2017-04-26 20:25:45'),(1,1,'2017-04-26 20:25:45'),(10,2,'2017-04-26 20:25:45'),(8,1,'2017-04-26 20:25:49'),(10,1,'2017-04-26 20:25:49'),(13,1,'2017-04-26 20:25:49'),(3,1,'2017-04-26 20:25:49'),(5,1,'2017-04-26 20:25:49'),(3,1,'2017-04-26 20:25:49'),(1,1,'2017-04-26 20:25:49'),(5,1,'2017-04-26 20:25:49'),(12,1,'2017-04-26 20:25:49'),(7,1,'2017-04-26 20:25:49'),(10,2,'2017-04-26 20:25:45'),(8,1,'2017-04-26 20:27:01'),(10,1,'2017-04-26 20:27:01'),(13,1,'2017-04-26 20:27:01'),(3,1,'2017-04-26 20:27:01'),(5,1,'2017-04-26 20:27:01'),(14,1,'2017-04-26 20:27:01'),(12,1,'2017-04-26 20:27:01'),(7,1,'2017-04-26 20:27:01'),(9,1,'2017-04-26 20:27:01'),(2,1,'2017-04-26 20:27:01'),(5,2,'2017-04-26 20:27:01'),(8,1,'2017-04-26 20:27:03'),(10,1,'2017-04-26 20:27:03'),(13,1,'2017-04-26 20:27:03'),(3,1,'2017-04-26 20:27:03'),(5,1,'2017-04-26 20:27:03'),(2,1,'2017-04-26 20:27:03'),(14,1,'2017-04-26 20:27:03'),(9,1,'2017-04-26 20:27:03'),(12,1,'2017-04-26 20:27:03'),(15,1,'2017-04-26 20:27:03'),(5,2,'2017-04-26 20:27:03'),(8,1,'2017-04-26 20:27:06'),(10,1,'2017-04-26 20:27:06'),(13,1,'2017-04-26 20:27:06'),(3,1,'2017-04-26 20:27:06'),(5,1,'2017-04-26 20:27:06'),(12,1,'2017-04-26 20:27:06'),(2,1,'2017-04-26 20:27:06'),(7,1,'2017-04-26 20:27:06'),(4,1,'2017-04-26 20:27:06'),(14,1,'2017-04-26 20:27:06'),(5,2,'2017-04-26 20:27:06'),(8,1,'2017-04-26 20:27:08'),(10,1,'2017-04-26 20:27:08'),(13,1,'2017-04-26 20:27:08'),(3,1,'2017-04-26 20:27:08'),(5,1,'2017-04-26 20:27:08'),(2,1,'2017-04-26 20:27:08'),(7,1,'2017-04-26 20:27:08'),(12,1,'2017-04-26 20:27:08'),(14,1,'2017-04-26 20:27:08'),(9,1,'2017-04-26 20:27:08'),(5,2,'2017-04-26 20:27:08'),(8,1,'2017-04-26 20:27:12'),(10,1,'2017-04-26 20:27:12'),(13,1,'2017-04-26 20:27:12'),(5,1,'2017-04-26 20:27:12'),(3,1,'2017-04-26 20:27:12'),(14,1,'2017-04-26 20:27:12'),(6,1,'2017-04-26 20:27:12'),(2,1,'2017-04-26 20:27:12'),(12,1,'2017-04-26 20:27:12'),(7,1,'2017-04-26 20:27:12'),(8,1,'2017-04-26 20:28:27'),(10,1,'2017-04-26 20:28:27'),(13,1,'2017-04-26 20:28:27'),(5,1,'2017-04-26 20:28:27'),(3,1,'2017-04-26 20:28:27'),(7,1,'2017-04-26 20:28:27'),(9,1,'2017-04-26 20:28:27'),(11,1,'2017-04-26 20:28:27'),(1,1,'2017-04-26 20:28:27'),(2,1,'2017-04-26 20:28:27'),(8,1,'2017-04-26 20:29:28'),(10,1,'2017-04-26 20:29:28'),(13,1,'2017-04-26 20:29:28'),(5,1,'2017-04-26 20:29:28'),(3,1,'2017-04-26 20:29:28'),(11,1,'2017-04-26 20:29:28'),(7,1,'2017-04-26 20:29:28'),(14,1,'2017-04-26 20:29:28'),(12,1,'2017-04-26 20:29:28'),(15,1,'2017-04-26 20:29:28'),(8,1,'2017-04-26 20:30:52'),(10,1,'2017-04-26 20:30:52'),(13,1,'2017-04-26 20:30:52'),(5,1,'2017-04-26 20:30:52'),(3,1,'2017-04-26 20:30:52'),(12,1,'2017-04-26 20:30:52'),(2,1,'2017-04-26 20:30:52'),(11,1,'2017-04-26 20:30:52'),(4,1,'2017-04-26 20:30:52'),(7,1,'2017-04-26 20:30:52'),(8,2,'2017-04-26 20:30:52'),(8,1,'2017-04-26 20:30:56'),(10,1,'2017-04-26 20:30:56'),(13,1,'2017-04-26 20:30:56'),(5,1,'2017-04-26 20:30:56'),(3,1,'2017-04-26 20:30:56'),(1,1,'2017-04-26 20:30:56'),(7,1,'2017-04-26 20:30:56'),(12,1,'2017-04-26 20:30:56'),(11,1,'2017-04-26 20:30:56'),(6,1,'2017-04-26 20:30:56'),(8,2,'2017-04-26 20:30:56'),(8,1,'2017-04-26 20:30:57'),(10,1,'2017-04-26 20:30:57'),(13,1,'2017-04-26 20:30:57'),(5,1,'2017-04-26 20:30:57'),(3,1,'2017-04-26 20:30:57'),(6,1,'2017-04-26 20:30:57'),(7,1,'2017-04-26 20:30:57'),(14,1,'2017-04-26 20:30:57'),(12,1,'2017-04-26 20:30:57'),(1,1,'2017-04-26 20:30:57'),(6,2,'2017-04-26 20:30:57'),(8,1,'2017-04-26 20:30:58'),(10,1,'2017-04-26 20:30:58'),(13,1,'2017-04-26 20:30:58'),(5,1,'2017-04-26 20:30:58'),(3,1,'2017-04-26 20:30:58'),(2,1,'2017-04-26 20:30:58'),(1,1,'2017-04-26 20:30:58'),(14,1,'2017-04-26 20:30:58'),(7,1,'2017-04-26 20:30:58'),(15,1,'2017-04-26 20:30:58'),(2,2,'2017-04-26 20:30:58'),(8,1,'2017-04-26 20:30:59'),(10,1,'2017-04-26 20:30:59'),(13,1,'2017-04-26 20:30:59'),(5,1,'2017-04-26 20:30:59'),(3,1,'2017-04-26 20:30:59'),(9,1,'2017-04-26 20:30:59'),(6,1,'2017-04-26 20:30:59'),(4,1,'2017-04-26 20:30:59'),(12,1,'2017-04-26 20:30:59'),(1,1,'2017-04-26 20:30:59'),(9,2,'2017-04-26 20:30:59'),(8,1,'2017-04-26 20:31:00'),(10,1,'2017-04-26 20:31:00'),(13,1,'2017-04-26 20:31:00'),(5,1,'2017-04-26 20:31:00'),(3,1,'2017-04-26 20:31:00'),(6,1,'2017-04-26 20:31:00'),(12,1,'2017-04-26 20:31:00'),(9,1,'2017-04-26 20:31:00'),(1,1,'2017-04-26 20:31:00'),(7,1,'2017-04-26 20:31:00'),(6,2,'2017-04-26 20:31:00'),(8,1,'2017-04-26 20:31:01'),(10,1,'2017-04-26 20:31:01'),(13,1,'2017-04-26 20:31:01'),(5,1,'2017-04-26 20:31:01'),(3,1,'2017-04-26 20:31:01'),(9,1,'2017-04-26 20:31:01'),(14,1,'2017-04-26 20:31:01'),(15,1,'2017-04-26 20:31:01'),(7,1,'2017-04-26 20:31:01'),(12,1,'2017-04-26 20:31:01'),(9,2,'2017-04-26 20:31:01'),(8,1,'2017-04-26 20:31:02'),(10,1,'2017-04-26 20:31:02'),(13,1,'2017-04-26 20:31:02'),(5,1,'2017-04-26 20:31:02'),(3,1,'2017-04-26 20:31:02'),(1,1,'2017-04-26 20:31:02'),(15,1,'2017-04-26 20:31:02'),(14,1,'2017-04-26 20:31:02'),(4,1,'2017-04-26 20:31:02'),(12,1,'2017-04-26 20:31:02'),(1,2,'2017-04-26 20:31:02'),(8,1,'2017-04-26 20:31:03'),(10,1,'2017-04-26 20:31:03'),(13,1,'2017-04-26 20:31:03'),(5,1,'2017-04-26 20:31:03'),(3,1,'2017-04-26 20:31:03'),(6,1,'2017-04-26 20:31:03'),(4,1,'2017-04-26 20:31:03'),(2,1,'2017-04-26 20:31:03'),(12,1,'2017-04-26 20:31:03'),(9,1,'2017-04-26 20:31:03'),(6,2,'2017-04-26 20:31:03'),(8,1,'2017-04-26 20:31:03'),(10,1,'2017-04-26 20:31:03'),(13,1,'2017-04-26 20:31:03'),(5,1,'2017-04-26 20:31:03'),(3,1,'2017-04-26 20:31:03'),(11,1,'2017-04-26 20:31:03'),(6,1,'2017-04-26 20:31:03'),(14,1,'2017-04-26 20:31:03'),(7,1,'2017-04-26 20:31:03'),(12,1,'2017-04-26 20:31:03'),(11,2,'2017-04-26 20:31:03'),(8,1,'2017-04-26 20:31:04'),(10,1,'2017-04-26 20:31:04'),(13,1,'2017-04-26 20:31:04'),(5,1,'2017-04-26 20:31:04'),(3,1,'2017-04-26 20:31:04'),(9,1,'2017-04-26 20:31:04'),(11,1,'2017-04-26 20:31:04'),(15,1,'2017-04-26 20:31:04'),(1,1,'2017-04-26 20:31:04'),(12,1,'2017-04-26 20:31:04'),(9,2,'2017-04-26 20:31:04'),(8,1,'2017-04-26 20:31:05'),(10,1,'2017-04-26 20:31:05'),(13,1,'2017-04-26 20:31:05'),(5,1,'2017-04-26 20:31:05'),(3,1,'2017-04-26 20:31:05'),(6,1,'2017-04-26 20:31:05'),(11,1,'2017-04-26 20:31:05'),(15,1,'2017-04-26 20:31:05'),(1,1,'2017-04-26 20:31:05'),(9,1,'2017-04-26 20:31:05'),(9,2,'2017-04-26 20:31:05'),(8,1,'2017-04-26 20:31:07'),(10,1,'2017-04-26 20:31:07'),(13,1,'2017-04-26 20:31:07'),(5,1,'2017-04-26 20:31:07'),(4,1,'2017-04-26 20:31:07'),(12,1,'2017-04-26 20:31:07'),(1,1,'2017-04-26 20:31:07'),(11,1,'2017-04-26 20:31:07'),(7,1,'2017-04-26 20:31:07'),(14,1,'2017-04-26 20:31:07'),(14,2,'2017-04-26 20:31:07'),(8,1,'2017-04-26 20:31:10'),(10,1,'2017-04-26 20:31:10'),(13,1,'2017-04-26 20:31:10'),(5,1,'2017-04-26 20:31:10'),(9,1,'2017-04-26 20:31:10'),(4,1,'2017-04-26 20:31:10'),(12,1,'2017-04-26 20:31:10'),(2,1,'2017-04-26 20:31:10'),(14,1,'2017-04-26 20:31:10'),(1,1,'2017-04-26 20:31:10'),(9,2,'2017-04-26 20:31:10'),(8,1,'2017-04-26 20:31:14'),(10,1,'2017-04-26 20:31:14'),(13,1,'2017-04-26 20:31:14'),(5,1,'2017-04-26 20:31:14'),(9,1,'2017-04-26 20:31:14'),(14,1,'2017-04-26 20:31:14'),(3,1,'2017-04-26 20:31:14'),(15,1,'2017-04-26 20:31:14'),(11,1,'2017-04-26 20:31:14'),(4,1,'2017-04-26 20:31:14'),(9,2,'2017-04-26 20:31:14'),(8,1,'2017-04-26 20:31:15'),(10,1,'2017-04-26 20:31:15'),(13,1,'2017-04-26 20:31:15'),(9,1,'2017-04-26 20:31:15'),(5,1,'2017-04-26 20:31:15'),(15,1,'2017-04-26 20:31:15'),(6,1,'2017-04-26 20:31:15'),(12,1,'2017-04-26 20:31:15'),(7,1,'2017-04-26 20:31:15'),(11,1,'2017-04-26 20:31:15'),(9,2,'2017-04-26 20:31:15'),(8,1,'2017-04-26 20:31:17'),(10,1,'2017-04-26 20:31:17'),(13,1,'2017-04-26 20:31:17'),(9,1,'2017-04-26 20:31:17'),(5,1,'2017-04-26 20:31:17'),(15,1,'2017-04-26 20:31:17'),(3,1,'2017-04-26 20:31:17'),(2,1,'2017-04-26 20:31:17'),(11,1,'2017-04-26 20:31:17'),(14,1,'2017-04-26 20:31:17'),(8,1,'2017-04-26 20:34:08'),(10,1,'2017-04-26 20:34:08'),(13,1,'2017-04-26 20:34:08'),(9,1,'2017-04-26 20:34:08'),(5,1,'2017-04-26 20:34:08'),(1,1,'2017-04-26 20:34:08'),(14,1,'2017-04-26 20:34:08'),(2,1,'2017-04-26 20:34:08'),(11,1,'2017-04-26 20:34:08'),(7,1,'2017-04-26 20:34:08'),(10,2,'2017-04-26 20:34:08'),(8,1,'2017-04-26 20:34:13'),(10,1,'2017-04-26 20:34:13'),(13,1,'2017-04-26 20:34:13'),(9,1,'2017-04-26 20:34:13'),(5,1,'2017-04-26 20:34:13'),(11,1,'2017-04-26 20:34:13'),(15,1,'2017-04-26 20:34:13'),(12,1,'2017-04-26 20:34:13'),(1,1,'2017-04-26 20:34:13'),(7,1,'2017-04-26 20:34:13'),(8,2,'2017-04-26 20:34:13'),(8,1,'2017-04-26 20:34:14'),(10,1,'2017-04-26 20:34:14'),(13,1,'2017-04-26 20:34:14'),(9,1,'2017-04-26 20:34:14'),(5,1,'2017-04-26 20:34:14'),(1,1,'2017-04-26 20:34:14'),(15,1,'2017-04-26 20:34:14'),(4,1,'2017-04-26 20:34:14'),(7,1,'2017-04-26 20:34:14'),(2,1,'2017-04-26 20:34:14'),(10,2,'2017-04-26 20:34:14'),(8,1,'2017-04-26 20:34:15'),(10,1,'2017-04-26 20:34:15'),(13,1,'2017-04-26 20:34:15'),(9,1,'2017-04-26 20:34:15'),(5,1,'2017-04-26 20:34:15'),(6,1,'2017-04-26 20:34:15'),(4,1,'2017-04-26 20:34:15'),(1,1,'2017-04-26 20:34:15'),(7,1,'2017-04-26 20:34:15'),(11,1,'2017-04-26 20:34:15'),(8,1,'2017-04-26 20:43:00'),(10,1,'2017-04-26 20:43:00'),(13,1,'2017-04-26 20:43:01'),(9,1,'2017-04-26 20:43:01'),(5,1,'2017-04-26 20:43:01'),(1,1,'2017-04-26 20:43:01'),(2,1,'2017-04-26 20:43:01'),(12,1,'2017-04-26 20:43:01'),(6,1,'2017-04-26 20:43:01'),(7,1,'2017-04-26 20:43:01'),(8,1,'2017-04-26 21:04:37'),(10,1,'2017-04-26 21:04:37'),(13,1,'2017-04-26 21:04:37'),(9,1,'2017-04-26 21:04:37'),(5,1,'2017-04-26 21:04:37'),(13,1,'2017-04-26 21:04:37'),(3,1,'2017-04-26 21:04:37'),(15,1,'2017-04-26 21:04:37'),(5,1,'2017-04-26 21:04:37'),(7,1,'2017-04-26 21:04:37'),(8,2,'2017-04-26 21:04:37'),(8,1,'2017-04-26 21:04:47'),(10,1,'2017-04-26 21:04:47'),(13,1,'2017-04-26 21:04:47'),(9,1,'2017-04-26 21:04:47'),(5,1,'2017-04-26 21:04:47'),(12,1,'2017-04-26 21:04:47'),(5,1,'2017-04-26 21:04:47'),(13,1,'2017-04-26 21:04:47'),(3,1,'2017-04-26 21:04:47'),(4,1,'2017-04-26 21:04:47'),(8,1,'2017-04-26 21:05:34'),(10,1,'2017-04-26 21:05:34'),(13,1,'2017-04-26 21:05:34'),(9,1,'2017-04-26 21:05:34'),(5,1,'2017-04-26 21:05:34'),(13,1,'2017-04-26 21:05:34'),(3,1,'2017-04-26 21:05:34'),(8,1,'2017-04-26 21:05:34'),(1,1,'2017-04-26 21:05:34'),(12,1,'2017-04-26 21:05:34'),(8,1,'2017-04-26 21:05:36'),(10,1,'2017-04-26 21:05:36'),(13,1,'2017-04-26 21:05:36'),(9,1,'2017-04-26 21:05:36'),(5,1,'2017-04-26 21:05:36'),(2,1,'2017-04-26 21:05:36'),(4,1,'2017-04-26 21:05:36'),(12,1,'2017-04-26 21:05:36'),(13,1,'2017-04-26 21:05:36'),(5,1,'2017-04-26 21:05:36'),(8,1,'2017-04-26 21:05:37'),(10,1,'2017-04-26 21:05:37'),(13,1,'2017-04-26 21:05:37'),(9,1,'2017-04-26 21:05:37'),(5,1,'2017-04-26 21:05:37'),(4,1,'2017-04-26 21:05:37'),(8,1,'2017-04-26 21:05:37'),(12,1,'2017-04-26 21:05:37'),(5,1,'2017-04-26 21:05:37'),(15,1,'2017-04-26 21:05:37'),(8,1,'2017-04-26 21:05:38'),(10,1,'2017-04-26 21:05:38'),(13,1,'2017-04-26 21:05:38'),(9,1,'2017-04-26 21:05:38'),(5,1,'2017-04-26 21:05:38'),(7,1,'2017-04-26 21:05:38'),(3,1,'2017-04-26 21:05:38'),(15,1,'2017-04-26 21:05:38'),(12,1,'2017-04-26 21:05:38'),(13,1,'2017-04-26 21:05:38'),(8,1,'2017-04-26 21:16:37'),(10,1,'2017-04-26 21:16:37'),(13,1,'2017-04-26 21:16:37'),(9,1,'2017-04-26 21:16:37'),(5,1,'2017-04-26 21:16:37'),(3,1,'2017-04-26 21:16:37'),(7,1,'2017-04-26 21:16:37'),(13,1,'2017-04-26 21:16:37'),(8,1,'2017-04-26 21:16:37'),(2,1,'2017-04-26 21:16:37'),(8,1,'2017-04-26 21:16:48'),(10,1,'2017-04-26 21:16:48'),(13,1,'2017-04-26 21:16:48'),(9,1,'2017-04-26 21:16:48'),(5,1,'2017-04-26 21:16:48'),(15,1,'2017-04-26 21:16:48'),(5,1,'2017-04-26 21:16:48'),(1,1,'2017-04-26 21:16:48'),(3,1,'2017-04-26 21:16:48'),(12,1,'2017-04-26 21:16:48'),(1,1,'2017-04-26 21:18:52'),(1,1,'2017-04-26 21:18:52'),(1,1,'2017-04-26 21:18:53'),(3,1,'2017-04-26 21:21:13'),(2,1,'2017-04-26 21:21:13'),(1,1,'2017-04-26 21:21:13'),(3,1,'2017-04-26 21:21:13'),(2,1,'2017-04-26 21:21:13'),(1,1,'2017-04-26 21:21:13'),(3,1,'2017-04-26 21:22:02'),(2,1,'2017-04-26 21:22:02'),(1,1,'2017-04-26 21:22:02'),(1,1,'2017-04-26 21:22:02'),(3,1,'2017-04-26 21:22:02'),(2,1,'2017-04-26 21:22:02'),(1,1,'2017-04-26 21:22:02'),(3,1,'2017-04-26 21:23:05'),(2,1,'2017-04-26 21:23:05'),(1,1,'2017-04-26 21:23:05'),(1,1,'2017-04-26 21:23:05'),(3,1,'2017-04-26 21:23:05'),(2,1,'2017-04-26 21:23:05'),(1,1,'2017-04-26 21:23:05'),(1,1,'2017-04-26 21:23:05'),(8,1,'2017-04-26 21:24:10'),(10,1,'2017-04-26 21:24:10'),(13,1,'2017-04-26 21:24:10'),(9,1,'2017-04-26 21:24:10'),(5,1,'2017-04-26 21:24:10'),(5,1,'2017-04-26 21:24:10'),(8,1,'2017-04-26 21:24:10'),(1,1,'2017-04-26 21:24:10'),(13,1,'2017-04-26 21:24:10'),(4,1,'2017-04-26 21:24:10'),(10,2,'2017-04-26 21:24:10'),(8,1,'2017-04-26 21:24:12'),(10,1,'2017-04-26 21:24:12'),(13,1,'2017-04-26 21:24:12'),(9,1,'2017-04-26 21:24:12'),(5,1,'2017-04-26 21:24:12'),(3,1,'2017-04-26 21:24:12'),(5,1,'2017-04-26 21:24:12'),(7,1,'2017-04-26 21:24:12'),(12,1,'2017-04-26 21:24:12'),(15,1,'2017-04-26 21:24:12'),(8,1,'2017-04-26 21:27:02'),(10,1,'2017-04-26 21:27:02'),(13,1,'2017-04-26 21:27:02'),(9,1,'2017-04-26 21:27:02'),(5,1,'2017-04-26 21:27:02'),(15,1,'2017-04-26 21:27:02'),(7,1,'2017-04-26 21:27:02'),(2,1,'2017-04-26 21:27:02'),(8,1,'2017-04-26 21:27:02'),(3,1,'2017-04-26 21:27:02'),(8,1,'2017-04-26 21:27:02'),(10,1,'2017-04-26 21:27:02'),(13,1,'2017-04-26 21:27:02'),(9,1,'2017-04-26 21:27:02'),(5,1,'2017-04-26 21:27:02'),(2,1,'2017-04-26 21:27:02'),(12,1,'2017-04-26 21:27:02'),(15,1,'2017-04-26 21:27:02'),(13,1,'2017-04-26 21:27:02'),(1,1,'2017-04-26 21:27:02'),(8,1,'2017-04-26 21:27:14'),(10,1,'2017-04-26 21:27:14'),(13,1,'2017-04-26 21:27:14'),(9,1,'2017-04-26 21:27:14'),(5,1,'2017-04-26 21:27:14'),(8,1,'2017-04-26 21:27:14'),(4,1,'2017-04-26 21:27:14'),(15,1,'2017-04-26 21:27:14'),(2,1,'2017-04-26 21:27:14'),(13,1,'2017-04-26 21:27:14'),(8,1,'2017-04-26 21:27:16'),(10,1,'2017-04-26 21:27:16'),(13,1,'2017-04-26 21:27:16'),(9,1,'2017-04-26 21:27:16'),(5,1,'2017-04-26 21:27:16'),(1,1,'2017-04-26 21:27:16'),(8,1,'2017-04-26 21:27:16'),(3,1,'2017-04-26 21:27:16'),(5,1,'2017-04-26 21:27:16'),(13,1,'2017-04-26 21:27:16'),(8,1,'2017-04-26 21:27:19'),(10,1,'2017-04-26 21:27:19'),(13,1,'2017-04-26 21:27:19'),(9,1,'2017-04-26 21:27:19'),(5,1,'2017-04-26 21:27:19'),(1,1,'2017-04-26 21:27:19'),(4,1,'2017-04-26 21:27:19'),(3,1,'2017-04-26 21:27:19'),(8,1,'2017-04-26 21:27:19'),(13,1,'2017-04-26 21:27:19'),(8,1,'2017-04-26 21:27:20'),(10,1,'2017-04-26 21:27:20'),(13,1,'2017-04-26 21:27:20'),(9,1,'2017-04-26 21:27:20'),(5,1,'2017-04-26 21:27:20'),(1,1,'2017-04-26 21:27:20'),(7,1,'2017-04-26 21:27:20'),(4,1,'2017-04-26 21:27:20'),(12,1,'2017-04-26 21:27:20'),(15,1,'2017-04-26 21:27:20'),(8,1,'2017-04-26 21:27:23'),(10,1,'2017-04-26 21:27:23'),(13,1,'2017-04-26 21:27:23'),(9,1,'2017-04-26 21:27:23'),(5,1,'2017-04-26 21:27:23'),(4,1,'2017-04-26 21:27:23'),(3,1,'2017-04-26 21:27:23'),(12,1,'2017-04-26 21:27:23'),(15,1,'2017-04-26 21:27:23'),(5,1,'2017-04-26 21:27:23'),(8,1,'2017-04-26 21:27:25'),(10,1,'2017-04-26 21:27:25'),(13,1,'2017-04-26 21:27:25'),(9,1,'2017-04-26 21:27:25'),(5,1,'2017-04-26 21:27:25'),(1,1,'2017-04-26 21:27:25'),(12,1,'2017-04-26 21:27:25'),(7,1,'2017-04-26 21:27:25'),(2,1,'2017-04-26 21:27:25'),(3,1,'2017-04-26 21:27:25'),(8,1,'2017-04-26 21:27:27'),(10,1,'2017-04-26 21:27:27'),(13,1,'2017-04-26 21:27:27'),(9,1,'2017-04-26 21:27:27'),(5,1,'2017-04-26 21:27:27'),(12,1,'2017-04-26 21:27:27'),(4,1,'2017-04-26 21:27:27'),(3,1,'2017-04-26 21:27:27'),(8,1,'2017-04-26 21:27:27'),(15,1,'2017-04-26 21:27:27'),(8,1,'2017-04-26 21:27:31'),(10,1,'2017-04-26 21:27:31'),(13,1,'2017-04-26 21:27:31'),(9,1,'2017-04-26 21:27:31'),(5,1,'2017-04-26 21:27:31'),(13,1,'2017-04-26 21:27:31'),(1,1,'2017-04-26 21:27:31'),(2,1,'2017-04-26 21:27:31'),(15,1,'2017-04-26 21:27:31'),(5,1,'2017-04-26 21:27:31'),(8,1,'2017-04-26 21:27:31'),(10,1,'2017-04-26 21:27:31'),(13,1,'2017-04-26 21:27:31'),(9,1,'2017-04-26 21:27:31'),(5,1,'2017-04-26 21:27:31'),(13,1,'2017-04-26 21:27:31'),(7,1,'2017-04-26 21:27:31'),(3,1,'2017-04-26 21:27:31'),(8,1,'2017-04-26 21:27:31'),(1,1,'2017-04-26 21:27:31'),(8,1,'2017-04-26 21:28:16'),(10,1,'2017-04-26 21:28:16'),(13,1,'2017-04-26 21:28:16'),(9,1,'2017-04-26 21:28:16'),(5,1,'2017-04-26 21:28:16'),(1,1,'2017-04-26 21:28:16'),(4,1,'2017-04-26 21:28:16'),(8,1,'2017-04-26 21:28:16'),(7,1,'2017-04-26 21:28:16'),(3,1,'2017-04-26 21:28:16'),(8,1,'2017-04-26 21:28:18'),(10,1,'2017-04-26 21:28:18'),(13,1,'2017-04-26 21:28:18'),(9,1,'2017-04-26 21:28:18'),(5,1,'2017-04-26 21:28:18'),(3,1,'2017-04-26 21:28:18'),(5,1,'2017-04-26 21:28:18'),(15,1,'2017-04-26 21:28:18'),(13,1,'2017-04-26 21:28:18'),(4,1,'2017-04-26 21:28:18'),(8,1,'2017-04-26 21:28:20'),(10,1,'2017-04-26 21:28:20'),(13,1,'2017-04-26 21:28:20'),(9,1,'2017-04-26 21:28:20'),(5,1,'2017-04-26 21:28:20'),(4,1,'2017-04-26 21:28:20'),(1,1,'2017-04-26 21:28:20'),(15,1,'2017-04-26 21:28:20'),(13,1,'2017-04-26 21:28:20'),(8,1,'2017-04-26 21:28:20'),(8,1,'2017-04-26 21:29:57'),(10,1,'2017-04-26 21:29:57'),(13,1,'2017-04-26 21:29:57'),(9,1,'2017-04-26 21:29:57'),(5,1,'2017-04-26 21:29:57'),(7,1,'2017-04-26 21:29:57'),(2,1,'2017-04-26 21:29:57'),(3,1,'2017-04-26 21:29:57'),(5,1,'2017-04-26 21:29:57'),(13,1,'2017-04-26 21:29:57'),(8,1,'2017-04-26 21:30:07'),(10,1,'2017-04-26 21:30:07'),(13,1,'2017-04-26 21:30:07'),(9,1,'2017-04-26 21:30:07'),(5,1,'2017-04-26 21:30:07'),(5,1,'2017-04-26 21:30:07'),(7,1,'2017-04-26 21:30:07'),(3,1,'2017-04-26 21:30:07'),(12,1,'2017-04-26 21:30:07'),(4,1,'2017-04-26 21:30:07'),(8,1,'2017-04-26 21:30:33'),(10,1,'2017-04-26 21:30:33'),(13,1,'2017-04-26 21:30:33'),(9,1,'2017-04-26 21:30:33'),(5,1,'2017-04-26 21:30:33'),(12,1,'2017-04-26 21:30:33'),(13,1,'2017-04-26 21:30:33'),(3,1,'2017-04-26 21:30:33'),(7,1,'2017-04-26 21:30:33'),(4,1,'2017-04-26 21:30:33'),(8,1,'2017-04-26 21:30:33'),(10,1,'2017-04-26 21:30:33'),(13,1,'2017-04-26 21:30:33'),(9,1,'2017-04-26 21:30:33'),(5,1,'2017-04-26 21:30:33'),(3,1,'2017-04-26 21:30:33'),(8,1,'2017-04-26 21:30:33'),(1,1,'2017-04-26 21:30:33'),(12,1,'2017-04-26 21:30:33'),(7,1,'2017-04-26 21:30:33'),(8,1,'2017-04-26 21:31:13'),(10,1,'2017-04-26 21:31:13'),(13,1,'2017-04-26 21:31:13'),(9,1,'2017-04-26 21:31:13'),(5,1,'2017-04-26 21:31:13'),(4,1,'2017-04-26 21:31:13'),(2,1,'2017-04-26 21:31:13'),(5,1,'2017-04-26 21:31:13'),(7,1,'2017-04-26 21:31:13'),(12,1,'2017-04-26 21:31:13'),(8,1,'2017-04-26 21:31:13'),(10,1,'2017-04-26 21:31:13'),(13,1,'2017-04-26 21:31:13'),(9,1,'2017-04-26 21:31:13'),(5,1,'2017-04-26 21:31:13'),(5,1,'2017-04-26 21:31:13'),(2,1,'2017-04-26 21:31:13'),(4,1,'2017-04-26 21:31:13'),(1,1,'2017-04-26 21:31:13'),(3,1,'2017-04-26 21:31:13'),(8,1,'2017-04-26 21:32:01'),(10,1,'2017-04-26 21:32:01'),(13,1,'2017-04-26 21:32:01'),(9,1,'2017-04-26 21:32:01'),(5,1,'2017-04-26 21:32:01'),(3,1,'2017-04-26 21:32:01'),(2,1,'2017-04-26 21:32:01'),(4,1,'2017-04-26 21:32:01'),(1,1,'2017-04-26 21:32:01'),(12,1,'2017-04-26 21:32:01'),(8,1,'2017-04-26 21:32:01'),(10,1,'2017-04-26 21:32:01'),(13,1,'2017-04-26 21:32:01'),(9,1,'2017-04-26 21:32:01'),(5,1,'2017-04-26 21:32:01'),(4,1,'2017-04-26 21:32:01'),(11,1,'2017-04-26 21:32:01'),(3,1,'2017-04-26 21:32:01'),(14,1,'2017-04-26 21:32:01'),(12,1,'2017-04-26 21:32:01'),(8,1,'2017-04-26 21:32:10'),(10,1,'2017-04-26 21:32:10'),(13,1,'2017-04-26 21:32:10'),(9,1,'2017-04-26 21:32:10'),(5,1,'2017-04-26 21:32:10'),(4,1,'2017-04-26 21:32:10'),(14,1,'2017-04-26 21:32:10'),(3,1,'2017-04-26 21:32:10'),(6,1,'2017-04-26 21:32:10'),(2,1,'2017-04-26 21:32:10'),(8,1,'2017-04-26 21:32:12'),(10,1,'2017-04-26 21:32:12'),(13,1,'2017-04-26 21:32:12'),(9,1,'2017-04-26 21:32:12'),(5,1,'2017-04-26 21:32:12'),(4,1,'2017-04-26 21:32:12'),(11,1,'2017-04-26 21:32:12'),(14,1,'2017-04-26 21:32:12'),(1,1,'2017-04-26 21:32:12'),(7,1,'2017-04-26 21:32:12'),(8,1,'2017-04-26 21:32:15'),(10,1,'2017-04-26 21:32:15'),(13,1,'2017-04-26 21:32:15'),(9,1,'2017-04-26 21:32:15'),(5,1,'2017-04-26 21:32:15'),(12,1,'2017-04-26 21:32:15'),(15,1,'2017-04-26 21:32:15'),(14,1,'2017-04-26 21:32:15'),(7,1,'2017-04-26 21:32:15'),(4,1,'2017-04-26 21:32:15'),(8,1,'2017-04-26 21:32:18'),(10,1,'2017-04-26 21:32:18'),(13,1,'2017-04-26 21:32:18'),(9,1,'2017-04-26 21:32:18'),(5,1,'2017-04-26 21:32:18'),(11,1,'2017-04-26 21:32:18'),(2,1,'2017-04-26 21:32:18'),(15,1,'2017-04-26 21:32:18'),(3,1,'2017-04-26 21:32:18'),(7,1,'2017-04-26 21:32:18'),(8,1,'2017-04-26 21:32:21'),(10,1,'2017-04-26 21:32:21'),(13,1,'2017-04-26 21:32:21'),(9,1,'2017-04-26 21:32:21'),(5,1,'2017-04-26 21:32:21'),(14,1,'2017-04-26 21:32:21'),(3,1,'2017-04-26 21:32:21'),(7,1,'2017-04-26 21:32:21'),(4,1,'2017-04-26 21:32:21'),(11,1,'2017-04-26 21:32:21'),(8,1,'2017-04-26 21:32:24'),(10,1,'2017-04-26 21:32:24'),(13,1,'2017-04-26 21:32:24'),(9,1,'2017-04-26 21:32:24'),(5,1,'2017-04-26 21:32:24'),(7,1,'2017-04-26 21:32:24'),(3,1,'2017-04-26 21:32:24'),(11,1,'2017-04-26 21:32:24'),(6,1,'2017-04-26 21:32:24'),(14,1,'2017-04-26 21:32:24'),(8,1,'2017-04-26 21:32:26'),(10,1,'2017-04-26 21:32:26'),(13,1,'2017-04-26 21:32:26'),(9,1,'2017-04-26 21:32:26'),(5,1,'2017-04-26 21:32:26'),(2,1,'2017-04-26 21:32:26'),(3,1,'2017-04-26 21:32:26'),(7,1,'2017-04-26 21:32:26'),(4,1,'2017-04-26 21:32:26'),(11,1,'2017-04-26 21:32:26'),(8,1,'2017-04-26 21:32:27'),(10,1,'2017-04-26 21:32:27'),(13,1,'2017-04-26 21:32:27'),(9,1,'2017-04-26 21:32:27'),(5,1,'2017-04-26 21:32:27'),(11,1,'2017-04-26 21:32:27'),(1,1,'2017-04-26 21:32:27'),(2,1,'2017-04-26 21:32:27'),(3,1,'2017-04-26 21:32:27'),(6,1,'2017-04-26 21:32:27'),(8,1,'2017-04-26 21:32:29'),(10,1,'2017-04-26 21:32:29'),(13,1,'2017-04-26 21:32:29'),(9,1,'2017-04-26 21:32:29'),(5,1,'2017-04-26 21:32:29'),(12,1,'2017-04-26 21:32:29'),(3,1,'2017-04-26 21:32:29'),(7,1,'2017-04-26 21:32:29'),(15,1,'2017-04-26 21:32:29'),(4,1,'2017-04-26 21:32:29'),(8,1,'2017-04-26 21:32:49'),(10,1,'2017-04-26 21:32:49'),(13,1,'2017-04-26 21:32:49'),(9,1,'2017-04-26 21:32:49'),(5,1,'2017-04-26 21:32:49'),(11,1,'2017-04-26 21:32:49'),(6,1,'2017-04-26 21:32:49'),(12,1,'2017-04-26 21:32:49'),(4,1,'2017-04-26 21:32:49'),(3,1,'2017-04-26 21:32:49'),(8,1,'2017-04-26 21:32:50'),(10,1,'2017-04-26 21:32:50'),(13,1,'2017-04-26 21:32:50'),(9,1,'2017-04-26 21:32:50'),(5,1,'2017-04-26 21:32:50'),(7,1,'2017-04-26 21:32:50'),(11,1,'2017-04-26 21:32:50'),(4,1,'2017-04-26 21:32:50'),(3,1,'2017-04-26 21:32:50'),(15,1,'2017-04-26 21:32:50'),(8,1,'2017-04-26 21:32:51'),(10,1,'2017-04-26 21:32:51'),(13,1,'2017-04-26 21:32:51'),(9,1,'2017-04-26 21:32:51'),(5,1,'2017-04-26 21:32:51'),(4,1,'2017-04-26 21:32:51'),(14,1,'2017-04-26 21:32:51'),(6,1,'2017-04-26 21:32:51'),(11,1,'2017-04-26 21:32:51'),(12,1,'2017-04-26 21:32:51'),(8,1,'2017-04-26 21:32:52'),(10,1,'2017-04-26 21:32:52'),(13,1,'2017-04-26 21:32:52'),(9,1,'2017-04-26 21:32:52'),(5,1,'2017-04-26 21:32:52'),(14,1,'2017-04-26 21:32:52'),(3,1,'2017-04-26 21:32:52'),(11,1,'2017-04-26 21:32:52'),(1,1,'2017-04-26 21:32:52'),(15,1,'2017-04-26 21:32:52'),(8,1,'2017-04-26 21:32:53'),(10,1,'2017-04-26 21:32:53'),(13,1,'2017-04-26 21:32:53'),(9,1,'2017-04-26 21:32:53'),(7,1,'2017-04-26 21:32:53'),(14,1,'2017-04-26 21:32:53'),(1,1,'2017-04-26 21:32:53'),(5,1,'2017-04-26 21:32:53'),(2,1,'2017-04-26 21:32:53'),(3,1,'2017-04-26 21:32:53'),(8,1,'2017-04-26 21:32:54'),(10,1,'2017-04-26 21:32:54'),(13,1,'2017-04-26 21:32:54'),(9,1,'2017-04-26 21:32:54'),(6,1,'2017-04-26 21:32:54'),(4,1,'2017-04-26 21:32:54'),(2,1,'2017-04-26 21:32:54'),(7,1,'2017-04-26 21:32:54'),(15,1,'2017-04-26 21:32:54'),(1,1,'2017-04-26 21:32:54'),(8,1,'2017-04-26 21:32:54'),(10,1,'2017-04-26 21:32:54'),(13,1,'2017-04-26 21:32:54'),(9,1,'2017-04-26 21:32:54'),(5,1,'2017-04-26 21:32:54'),(4,1,'2017-04-26 21:32:54'),(7,1,'2017-04-26 21:32:54'),(2,1,'2017-04-26 21:32:54'),(12,1,'2017-04-26 21:32:54'),(15,1,'2017-04-26 21:32:54'),(8,1,'2017-04-26 21:32:55'),(10,1,'2017-04-26 21:32:55'),(13,1,'2017-04-26 21:32:55'),(9,1,'2017-04-26 21:32:55'),(12,1,'2017-04-26 21:32:55'),(11,1,'2017-04-26 21:32:55'),(14,1,'2017-04-26 21:32:55'),(15,1,'2017-04-26 21:32:55'),(7,1,'2017-04-26 21:32:55'),(2,1,'2017-04-26 21:32:55'),(8,1,'2017-04-26 21:32:56'),(10,1,'2017-04-26 21:32:56'),(13,1,'2017-04-26 21:32:56'),(9,1,'2017-04-26 21:32:56'),(7,1,'2017-04-26 21:32:56'),(1,1,'2017-04-26 21:32:56'),(11,1,'2017-04-26 21:32:56'),(6,1,'2017-04-26 21:32:56'),(15,1,'2017-04-26 21:32:56'),(4,1,'2017-04-26 21:32:56'),(8,1,'2017-04-26 21:32:57'),(10,1,'2017-04-26 21:32:57'),(13,1,'2017-04-26 21:32:57'),(9,1,'2017-04-26 21:32:57'),(5,1,'2017-04-26 21:32:57'),(15,1,'2017-04-26 21:32:57'),(3,1,'2017-04-26 21:32:57'),(4,1,'2017-04-26 21:32:57'),(12,1,'2017-04-26 21:32:57'),(7,1,'2017-04-26 21:32:57'),(8,1,'2017-04-26 21:32:57'),(10,1,'2017-04-26 21:32:57'),(13,1,'2017-04-26 21:32:57'),(9,1,'2017-04-26 21:32:57'),(5,1,'2017-04-26 21:32:57'),(3,1,'2017-04-26 21:32:57'),(2,1,'2017-04-26 21:32:57'),(7,1,'2017-04-26 21:32:57'),(4,1,'2017-04-26 21:32:57'),(1,1,'2017-04-26 21:32:57'),(8,1,'2017-04-26 21:32:58'),(10,1,'2017-04-26 21:32:58'),(13,1,'2017-04-26 21:32:58'),(9,1,'2017-04-26 21:32:58'),(1,1,'2017-04-26 21:32:58'),(4,1,'2017-04-26 21:32:58'),(15,1,'2017-04-26 21:32:58'),(5,1,'2017-04-26 21:32:58'),(3,1,'2017-04-26 21:32:58'),(12,1,'2017-04-26 21:32:58'),(8,1,'2017-04-26 21:32:58'),(10,1,'2017-04-26 21:32:58'),(13,1,'2017-04-26 21:32:58'),(9,1,'2017-04-26 21:32:58'),(6,1,'2017-04-26 21:32:58'),(11,1,'2017-04-26 21:32:58'),(1,1,'2017-04-26 21:32:58'),(4,1,'2017-04-26 21:32:58'),(3,1,'2017-04-26 21:32:58'),(14,1,'2017-04-26 21:32:58'),(8,1,'2017-04-26 21:32:59'),(10,1,'2017-04-26 21:32:59'),(13,1,'2017-04-26 21:32:59'),(9,1,'2017-04-26 21:32:59'),(7,1,'2017-04-26 21:32:59'),(2,1,'2017-04-26 21:32:59'),(3,1,'2017-04-26 21:32:59'),(12,1,'2017-04-26 21:32:59'),(15,1,'2017-04-26 21:32:59'),(11,1,'2017-04-26 21:32:59'),(8,1,'2017-04-26 21:33:00'),(10,1,'2017-04-26 21:33:00'),(13,1,'2017-04-26 21:33:00'),(9,1,'2017-04-26 21:33:00'),(2,1,'2017-04-26 21:33:00'),(3,1,'2017-04-26 21:33:00'),(12,1,'2017-04-26 21:33:00'),(7,1,'2017-04-26 21:33:00'),(5,1,'2017-04-26 21:33:00'),(15,1,'2017-04-26 21:33:00'),(8,1,'2017-04-26 21:33:01'),(10,1,'2017-04-26 21:33:01'),(13,1,'2017-04-26 21:33:01'),(9,1,'2017-04-26 21:33:01'),(6,1,'2017-04-26 21:33:01'),(3,1,'2017-04-26 21:33:01'),(5,1,'2017-04-26 21:33:01'),(4,1,'2017-04-26 21:33:01'),(1,1,'2017-04-26 21:33:01'),(2,1,'2017-04-26 21:33:01'),(8,1,'2017-04-26 21:33:02'),(10,1,'2017-04-26 21:33:02'),(13,1,'2017-04-26 21:33:02'),(9,1,'2017-04-26 21:33:02'),(6,1,'2017-04-26 21:33:02'),(11,1,'2017-04-26 21:33:02'),(2,1,'2017-04-26 21:33:02'),(14,1,'2017-04-26 21:33:02'),(4,1,'2017-04-26 21:33:02'),(5,1,'2017-04-26 21:33:02'),(8,1,'2017-04-26 21:33:45'),(10,1,'2017-04-26 21:33:45'),(13,1,'2017-04-26 21:33:45'),(9,1,'2017-04-26 21:33:45'),(6,1,'2017-04-26 21:33:45'),(15,1,'2017-04-26 21:33:45'),(12,1,'2017-04-26 21:33:45'),(3,1,'2017-04-26 21:33:45'),(1,1,'2017-04-26 21:33:45'),(4,1,'2017-04-26 21:33:45'),(8,1,'2017-04-26 21:33:46'),(10,1,'2017-04-26 21:33:46'),(13,1,'2017-04-26 21:33:46'),(9,1,'2017-04-26 21:33:46'),(5,1,'2017-04-26 21:33:46'),(1,1,'2017-04-26 21:33:46'),(12,1,'2017-04-26 21:33:46'),(4,1,'2017-04-26 21:33:46'),(7,1,'2017-04-26 21:33:46'),(11,1,'2017-04-26 21:33:46'),(8,1,'2017-04-26 21:35:58'),(10,1,'2017-04-26 21:35:58'),(13,1,'2017-04-26 21:35:58'),(9,1,'2017-04-26 21:35:58'),(5,1,'2017-04-26 21:35:58'),(7,1,'2017-04-26 21:35:58'),(12,1,'2017-04-26 21:35:58'),(6,1,'2017-04-26 21:35:58'),(1,1,'2017-04-26 21:35:58'),(4,1,'2017-04-26 21:35:58'),(8,1,'2017-04-26 21:35:58'),(10,1,'2017-04-26 21:35:58'),(13,1,'2017-04-26 21:35:58'),(9,1,'2017-04-26 21:35:58'),(5,1,'2017-04-26 21:35:58'),(15,1,'2017-04-26 21:35:58'),(14,1,'2017-04-26 21:35:58'),(1,1,'2017-04-26 21:35:58'),(12,1,'2017-04-26 21:35:58'),(11,1,'2017-04-26 21:35:58'),(8,1,'2017-04-26 21:36:12'),(10,1,'2017-04-26 21:36:12'),(13,1,'2017-04-26 21:36:12'),(9,1,'2017-04-26 21:36:12'),(7,1,'2017-04-26 21:36:12'),(15,1,'2017-04-26 21:36:12'),(2,1,'2017-04-26 21:36:12'),(6,1,'2017-04-26 21:36:12'),(5,1,'2017-04-26 21:36:12'),(12,1,'2017-04-26 21:36:12'),(10,2,'2017-04-26 21:36:12'),(8,1,'2017-04-26 21:36:14'),(10,1,'2017-04-26 21:36:14'),(13,1,'2017-04-26 21:36:14'),(9,1,'2017-04-26 21:36:14'),(2,1,'2017-04-26 21:36:14'),(6,1,'2017-04-26 21:36:14'),(14,1,'2017-04-26 21:36:14'),(4,1,'2017-04-26 21:36:14'),(5,1,'2017-04-26 21:36:14'),(15,1,'2017-04-26 21:36:14'),(8,2,'2017-04-26 21:36:14'),(8,1,'2017-04-26 21:36:15'),(10,1,'2017-04-26 21:36:15'),(13,1,'2017-04-26 21:36:15'),(9,1,'2017-04-26 21:36:15'),(2,1,'2017-04-26 21:36:15'),(3,1,'2017-04-26 21:36:15'),(4,1,'2017-04-26 21:36:15'),(12,1,'2017-04-26 21:36:15'),(1,1,'2017-04-26 21:36:15'),(11,1,'2017-04-26 21:36:15'),(2,2,'2017-04-26 21:36:15'),(8,1,'2017-04-26 21:36:16'),(10,1,'2017-04-26 21:36:16'),(13,1,'2017-04-26 21:36:16'),(9,1,'2017-04-26 21:36:16'),(14,1,'2017-04-26 21:36:16'),(7,1,'2017-04-26 21:36:16'),(2,1,'2017-04-26 21:36:16'),(11,1,'2017-04-26 21:36:16'),(12,1,'2017-04-26 21:36:16'),(6,1,'2017-04-26 21:36:16'),(13,2,'2017-04-26 21:36:16'),(8,1,'2017-04-26 21:36:17'),(10,1,'2017-04-26 21:36:17'),(13,1,'2017-04-26 21:36:17'),(9,1,'2017-04-26 21:36:17'),(5,1,'2017-04-26 21:36:17'),(1,1,'2017-04-26 21:36:17'),(6,1,'2017-04-26 21:36:17'),(15,1,'2017-04-26 21:36:17'),(4,1,'2017-04-26 21:36:17'),(11,1,'2017-04-26 21:36:17'),(10,2,'2017-04-26 21:36:17'),(8,1,'2017-04-26 21:36:18'),(10,1,'2017-04-26 21:36:18'),(13,1,'2017-04-26 21:36:18'),(9,1,'2017-04-26 21:36:18'),(5,1,'2017-04-26 21:36:18'),(7,1,'2017-04-26 21:36:18'),(11,1,'2017-04-26 21:36:18'),(4,1,'2017-04-26 21:36:18'),(14,1,'2017-04-26 21:36:18'),(2,1,'2017-04-26 21:36:18'),(7,2,'2017-04-26 21:36:18'),(8,1,'2017-04-26 21:36:20'),(10,1,'2017-04-26 21:36:20'),(13,1,'2017-04-26 21:36:20'),(9,1,'2017-04-26 21:36:20'),(5,1,'2017-04-26 21:36:20'),(3,1,'2017-04-26 21:36:20'),(12,1,'2017-04-26 21:36:20'),(14,1,'2017-04-26 21:36:20'),(15,1,'2017-04-26 21:36:20'),(7,1,'2017-04-26 21:36:20'),(7,2,'2017-04-26 21:36:20'),(8,1,'2017-04-26 21:36:22'),(10,1,'2017-04-26 21:36:22'),(13,1,'2017-04-26 21:36:22'),(9,1,'2017-04-26 21:36:22'),(1,1,'2017-04-26 21:36:22'),(12,1,'2017-04-26 21:36:22'),(11,1,'2017-04-26 21:36:22'),(4,1,'2017-04-26 21:36:22'),(15,1,'2017-04-26 21:36:22'),(7,1,'2017-04-26 21:36:22'),(7,2,'2017-04-26 21:36:22'),(8,1,'2017-04-26 21:36:24'),(10,1,'2017-04-26 21:36:24'),(13,1,'2017-04-26 21:36:24'),(9,1,'2017-04-26 21:36:24'),(7,1,'2017-04-26 21:36:24'),(11,1,'2017-04-26 21:36:24'),(6,1,'2017-04-26 21:36:24'),(5,1,'2017-04-26 21:36:24'),(3,1,'2017-04-26 21:36:24'),(14,1,'2017-04-26 21:36:24'),(7,2,'2017-04-26 21:36:24'),(8,1,'2017-04-26 21:36:26'),(10,1,'2017-04-26 21:36:26'),(13,1,'2017-04-26 21:36:26'),(9,1,'2017-04-26 21:36:26'),(4,1,'2017-04-26 21:36:26'),(3,1,'2017-04-26 21:36:26'),(14,1,'2017-04-26 21:36:26'),(15,1,'2017-04-26 21:36:26'),(6,1,'2017-04-26 21:36:26'),(5,1,'2017-04-26 21:36:26'),(3,2,'2017-04-26 21:36:26'),(8,1,'2017-04-26 21:36:31'),(10,1,'2017-04-26 21:36:31'),(13,1,'2017-04-26 21:36:31'),(9,1,'2017-04-26 21:36:31'),(5,1,'2017-04-26 21:36:31'),(1,1,'2017-04-26 21:36:31'),(7,1,'2017-04-26 21:36:31'),(15,1,'2017-04-26 21:36:31'),(14,1,'2017-04-26 21:36:31'),(3,1,'2017-04-26 21:36:31'),(1,2,'2017-04-26 21:36:31'),(8,1,'2017-04-26 21:36:32'),(10,1,'2017-04-26 21:36:32'),(13,1,'2017-04-26 21:36:32'),(9,1,'2017-04-26 21:36:32'),(3,1,'2017-04-26 21:36:32'),(6,1,'2017-04-26 21:36:32'),(5,1,'2017-04-26 21:36:32'),(1,1,'2017-04-26 21:36:32'),(11,1,'2017-04-26 21:36:32'),(12,1,'2017-04-26 21:36:32'),(6,2,'2017-04-26 21:36:32'),(8,1,'2017-04-26 21:36:35'),(10,1,'2017-04-26 21:36:35'),(13,1,'2017-04-26 21:36:35'),(9,1,'2017-04-26 21:36:35'),(3,1,'2017-04-26 21:36:35'),(6,1,'2017-04-26 21:36:35'),(1,1,'2017-04-26 21:36:35'),(15,1,'2017-04-26 21:36:35'),(2,1,'2017-04-26 21:36:35'),(14,1,'2017-04-26 21:36:35'),(6,2,'2017-04-26 21:36:35'),(8,1,'2017-04-26 21:36:36'),(10,1,'2017-04-26 21:36:36'),(13,1,'2017-04-26 21:36:36'),(9,1,'2017-04-26 21:36:36'),(6,1,'2017-04-26 21:36:36'),(2,1,'2017-04-26 21:36:36'),(7,1,'2017-04-26 21:36:36'),(1,1,'2017-04-26 21:36:36'),(3,1,'2017-04-26 21:36:36'),(5,1,'2017-04-26 21:36:36'),(7,2,'2017-04-26 21:36:36'),(8,1,'2017-04-26 21:36:38'),(10,1,'2017-04-26 21:36:38'),(13,1,'2017-04-26 21:36:38'),(6,1,'2017-04-26 21:36:38'),(9,1,'2017-04-26 21:36:38'),(4,1,'2017-04-26 21:36:38'),(12,1,'2017-04-26 21:36:38'),(2,1,'2017-04-26 21:36:38'),(1,1,'2017-04-26 21:36:38'),(3,1,'2017-04-26 21:36:38'),(2,2,'2017-04-26 21:36:38'),(8,1,'2017-04-26 21:36:42'),(10,1,'2017-04-26 21:36:42'),(13,1,'2017-04-26 21:36:42'),(6,1,'2017-04-26 21:36:42'),(9,1,'2017-04-26 21:36:42'),(11,1,'2017-04-26 21:36:42'),(7,1,'2017-04-26 21:36:42'),(3,1,'2017-04-26 21:36:42'),(4,1,'2017-04-26 21:36:42'),(12,1,'2017-04-26 21:36:42'),(7,2,'2017-04-26 21:36:42'),(8,1,'2017-04-26 21:36:44'),(10,1,'2017-04-26 21:36:44'),(13,1,'2017-04-26 21:36:44'),(6,1,'2017-04-26 21:36:44'),(9,1,'2017-04-26 21:36:44'),(2,1,'2017-04-26 21:36:44'),(7,1,'2017-04-26 21:36:44'),(5,1,'2017-04-26 21:36:44'),(4,1,'2017-04-26 21:36:44'),(14,1,'2017-04-26 21:36:44'),(7,2,'2017-04-26 21:36:44'),(8,1,'2017-04-26 21:36:45'),(10,1,'2017-04-26 21:36:45'),(13,1,'2017-04-26 21:36:45'),(6,1,'2017-04-26 21:36:45'),(9,1,'2017-04-26 21:36:45'),(15,1,'2017-04-26 21:36:45'),(12,1,'2017-04-26 21:36:45'),(3,1,'2017-04-26 21:36:45'),(5,1,'2017-04-26 21:36:45'),(11,1,'2017-04-26 21:36:45'),(3,2,'2017-04-26 21:36:45'),(8,1,'2017-04-26 21:36:48'),(10,1,'2017-04-26 21:36:48'),(13,1,'2017-04-26 21:36:48'),(7,1,'2017-04-26 21:36:48'),(6,1,'2017-04-26 21:36:48'),(4,1,'2017-04-26 21:36:48'),(12,1,'2017-04-26 21:36:48'),(5,1,'2017-04-26 21:36:48'),(1,1,'2017-04-26 21:36:48'),(11,1,'2017-04-26 21:36:48'),(7,2,'2017-04-26 21:36:48'),(8,1,'2017-04-26 21:36:50'),(10,1,'2017-04-26 21:36:50'),(13,1,'2017-04-26 21:36:50'),(7,1,'2017-04-26 21:36:50'),(6,1,'2017-04-26 21:36:50'),(5,1,'2017-04-26 21:36:50'),(9,1,'2017-04-26 21:36:50'),(12,1,'2017-04-26 21:36:50'),(14,1,'2017-04-26 21:36:50'),(15,1,'2017-04-26 21:36:50'),(7,2,'2017-04-26 21:36:50'),(8,1,'2017-04-26 21:36:51'),(10,1,'2017-04-26 21:36:51'),(13,1,'2017-04-26 21:36:51'),(7,1,'2017-04-26 21:36:51'),(6,1,'2017-04-26 21:36:51'),(11,1,'2017-04-26 21:36:51'),(12,1,'2017-04-26 21:36:51'),(9,1,'2017-04-26 21:36:51'),(5,1,'2017-04-26 21:36:51'),(4,1,'2017-04-26 21:36:51'),(7,2,'2017-04-26 21:36:51'),(8,1,'2017-04-26 21:36:52'),(10,1,'2017-04-26 21:36:52'),(13,1,'2017-04-26 21:36:52'),(7,1,'2017-04-26 21:36:52'),(6,1,'2017-04-26 21:36:52'),(14,1,'2017-04-26 21:36:52'),(12,1,'2017-04-26 21:36:52'),(5,1,'2017-04-26 21:36:52'),(2,1,'2017-04-26 21:36:52'),(11,1,'2017-04-26 21:36:52'),(7,2,'2017-04-26 21:36:52'),(8,1,'2017-04-26 21:36:53'),(10,1,'2017-04-26 21:36:53'),(13,1,'2017-04-26 21:36:53'),(7,1,'2017-04-26 21:36:53'),(6,1,'2017-04-26 21:36:53'),(15,1,'2017-04-26 21:36:53'),(1,1,'2017-04-26 21:36:53'),(3,1,'2017-04-26 21:36:53'),(11,1,'2017-04-26 21:36:53'),(4,1,'2017-04-26 21:36:53'),(7,2,'2017-04-26 21:36:53'),(8,1,'2017-04-26 21:36:54'),(10,1,'2017-04-26 21:36:54'),(7,1,'2017-04-26 21:36:54'),(13,1,'2017-04-26 21:36:54'),(6,1,'2017-04-26 21:36:54'),(11,1,'2017-04-26 21:36:54'),(15,1,'2017-04-26 21:36:54'),(12,1,'2017-04-26 21:36:54'),(4,1,'2017-04-26 21:36:54'),(1,1,'2017-04-26 21:36:54'),(7,2,'2017-04-26 21:36:54'),(8,1,'2017-04-26 21:36:55'),(10,1,'2017-04-26 21:36:55'),(7,1,'2017-04-26 21:36:55'),(13,1,'2017-04-26 21:36:55'),(6,1,'2017-04-26 21:36:55'),(2,1,'2017-04-26 21:36:55'),(5,1,'2017-04-26 21:36:55'),(9,1,'2017-04-26 21:36:55'),(1,1,'2017-04-26 21:36:55'),(12,1,'2017-04-26 21:36:55'),(7,2,'2017-04-26 21:36:55'),(8,1,'2017-04-26 21:36:56'),(10,1,'2017-04-26 21:36:56'),(7,1,'2017-04-26 21:36:56'),(13,1,'2017-04-26 21:36:56'),(6,1,'2017-04-26 21:36:56'),(14,1,'2017-04-26 21:36:56'),(9,1,'2017-04-26 21:36:56'),(15,1,'2017-04-26 21:36:56'),(4,1,'2017-04-26 21:36:56'),(11,1,'2017-04-26 21:36:56'),(7,2,'2017-04-26 21:36:56'),(8,1,'2017-04-26 21:36:57'),(10,1,'2017-04-26 21:36:57'),(7,1,'2017-04-26 21:36:57'),(13,1,'2017-04-26 21:36:57'),(6,1,'2017-04-26 21:36:57'),(12,1,'2017-04-26 21:36:57'),(15,1,'2017-04-26 21:36:57'),(2,1,'2017-04-26 21:36:57'),(4,1,'2017-04-26 21:36:57'),(11,1,'2017-04-26 21:36:57'),(7,2,'2017-04-26 21:36:57'),(8,1,'2017-04-26 21:36:58'),(10,1,'2017-04-26 21:36:58'),(7,1,'2017-04-26 21:36:58'),(13,1,'2017-04-26 21:36:58'),(6,1,'2017-04-26 21:36:58'),(9,1,'2017-04-26 21:36:58'),(15,1,'2017-04-26 21:36:58'),(2,1,'2017-04-26 21:36:58'),(11,1,'2017-04-26 21:36:58'),(4,1,'2017-04-26 21:36:58'),(7,2,'2017-04-26 21:36:58'),(8,1,'2017-04-26 21:36:59'),(7,1,'2017-04-26 21:36:59'),(10,1,'2017-04-26 21:36:59'),(13,1,'2017-04-26 21:36:59'),(6,1,'2017-04-26 21:36:59'),(5,1,'2017-04-26 21:36:59'),(1,1,'2017-04-26 21:36:59'),(12,1,'2017-04-26 21:36:59'),(2,1,'2017-04-26 21:36:59'),(15,1,'2017-04-26 21:36:59'),(7,2,'2017-04-26 21:36:59'),(8,1,'2017-04-26 21:37:01'),(7,1,'2017-04-26 21:37:01'),(10,1,'2017-04-26 21:37:01'),(13,1,'2017-04-26 21:37:01'),(6,1,'2017-04-26 21:37:01'),(9,1,'2017-04-26 21:37:01'),(2,1,'2017-04-26 21:37:01'),(1,1,'2017-04-26 21:37:01'),(4,1,'2017-04-26 21:37:01'),(3,1,'2017-04-26 21:37:01'),(7,2,'2017-04-26 21:37:01'),(7,1,'2017-04-26 21:37:02'),(8,1,'2017-04-26 21:37:02'),(10,1,'2017-04-26 21:37:02'),(13,1,'2017-04-26 21:37:02'),(6,1,'2017-04-26 21:37:02'),(2,1,'2017-04-26 21:37:02'),(5,1,'2017-04-26 21:37:02'),(3,1,'2017-04-26 21:37:02'),(4,1,'2017-04-26 21:37:02'),(12,1,'2017-04-26 21:37:02'),(8,2,'2017-04-26 21:37:02'),(7,1,'2017-04-26 21:37:02'),(8,1,'2017-04-26 21:37:02'),(10,1,'2017-04-26 21:37:02'),(13,1,'2017-04-26 21:37:02'),(6,1,'2017-04-26 21:37:02'),(5,1,'2017-04-26 21:37:02'),(4,1,'2017-04-26 21:37:02'),(14,1,'2017-04-26 21:37:02'),(2,1,'2017-04-26 21:37:02'),(12,1,'2017-04-26 21:37:02'),(8,2,'2017-04-26 21:37:02'),(7,1,'2017-04-26 21:37:04'),(8,1,'2017-04-26 21:37:04'),(10,1,'2017-04-26 21:37:04'),(13,1,'2017-04-26 21:37:04'),(6,1,'2017-04-26 21:37:04'),(4,1,'2017-04-26 21:37:04'),(12,1,'2017-04-26 21:37:04'),(1,1,'2017-04-26 21:37:04'),(11,1,'2017-04-26 21:37:04'),(14,1,'2017-04-26 21:37:04'),(8,2,'2017-04-26 21:37:04'),(7,1,'2017-04-26 21:37:05'),(8,1,'2017-04-26 21:37:05'),(10,1,'2017-04-26 21:37:05'),(13,1,'2017-04-26 21:37:05'),(6,1,'2017-04-26 21:37:05'),(15,1,'2017-04-26 21:37:05'),(3,1,'2017-04-26 21:37:05'),(2,1,'2017-04-26 21:37:05'),(14,1,'2017-04-26 21:37:05'),(4,1,'2017-04-26 21:37:05'),(8,2,'2017-04-26 21:37:05'),(8,1,'2017-04-26 21:37:05'),(7,1,'2017-04-26 21:37:05'),(10,1,'2017-04-26 21:37:05'),(13,1,'2017-04-26 21:37:05'),(6,1,'2017-04-26 21:37:05'),(15,1,'2017-04-26 21:37:05'),(12,1,'2017-04-26 21:37:05'),(11,1,'2017-04-26 21:37:05'),(3,1,'2017-04-26 21:37:05'),(14,1,'2017-04-26 21:37:05'),(7,2,'2017-04-26 21:37:05'),(8,1,'2017-04-26 21:37:07'),(7,1,'2017-04-26 21:37:07'),(10,1,'2017-04-26 21:37:07'),(13,1,'2017-04-26 21:37:07'),(6,1,'2017-04-26 21:37:07'),(4,1,'2017-04-26 21:37:07'),(11,1,'2017-04-26 21:37:07'),(12,1,'2017-04-26 21:37:07'),(15,1,'2017-04-26 21:37:07'),(3,1,'2017-04-26 21:37:07'),(7,2,'2017-04-26 21:37:07'),(8,1,'2017-04-26 21:37:08'),(7,1,'2017-04-26 21:37:08'),(10,1,'2017-04-26 21:37:08'),(13,1,'2017-04-26 21:37:08'),(6,1,'2017-04-26 21:37:08'),(3,1,'2017-04-26 21:37:08'),(12,1,'2017-04-26 21:37:08'),(11,1,'2017-04-26 21:37:08'),(9,1,'2017-04-26 21:37:08'),(1,1,'2017-04-26 21:37:08'),(7,2,'2017-04-26 21:37:08'),(7,1,'2017-04-26 21:37:08'),(8,1,'2017-04-26 21:37:08'),(10,1,'2017-04-26 21:37:08'),(13,1,'2017-04-26 21:37:08'),(6,1,'2017-04-26 21:37:08'),(11,1,'2017-04-26 21:37:08'),(5,1,'2017-04-26 21:37:08'),(9,1,'2017-04-26 21:37:08'),(15,1,'2017-04-26 21:37:08'),(2,1,'2017-04-26 21:37:08'),(7,1,'2017-04-26 21:54:53'),(8,1,'2017-04-26 21:54:53'),(10,1,'2017-04-26 21:54:53'),(13,1,'2017-04-26 21:54:53'),(6,1,'2017-04-26 21:54:53'),(1,1,'2017-04-26 21:54:53'),(2,1,'2017-04-26 21:54:53'),(3,1,'2017-04-26 21:54:53'),(11,1,'2017-04-26 21:54:53'),(12,1,'2017-04-26 21:54:53'),(10,2,'2017-04-26 22:04:10'),(10,2,'2017-04-26 22:04:59'),(10,2,'2017-04-26 22:05:01'),(10,2,'2017-04-26 22:05:01'),(10,2,'2017-04-26 22:05:02'),(10,2,'2017-04-26 22:05:03'),(8,2,'2017-04-26 22:05:04'),(10,2,'2017-04-26 22:05:04'),(10,2,'2017-04-26 22:05:06'),(7,2,'2017-04-27 11:56:29'),(7,2,'2017-04-27 11:56:45'),(7,2,'2017-04-27 11:56:46'),(10,2,'2017-04-27 11:56:47'),(10,2,'2017-04-27 11:56:47'),(10,2,'2017-04-27 11:56:48'),(10,2,'2017-04-27 11:56:48'),(7,2,'2017-04-27 11:57:30'),(7,2,'2017-04-27 11:57:31'),(7,2,'2017-04-27 11:57:31'),(7,2,'2017-04-27 11:57:32'),(10,2,'2017-04-27 11:57:32'),(10,2,'2017-04-27 11:57:33'),(10,2,'2017-04-27 11:57:33'),(10,2,'2017-04-27 11:57:33'),(10,2,'2017-04-27 11:57:33'),(10,2,'2017-04-27 11:57:33'),(7,2,'2017-04-27 12:13:36'),(7,2,'2017-04-27 12:13:38'),(7,2,'2017-04-27 12:13:39'),(7,2,'2017-04-27 12:13:39'),(7,2,'2017-04-27 12:13:40'),(10,2,'2017-04-27 12:13:41'),(10,2,'2017-04-27 12:13:41'),(10,2,'2017-04-27 12:13:42'),(10,2,'2017-04-27 12:13:42'),(10,1,'2017-04-27 12:15:20'),(7,1,'2017-04-27 12:15:20'),(8,1,'2017-04-27 12:15:20'),(13,1,'2017-04-27 12:15:20'),(6,1,'2017-04-27 12:15:20'),(12,1,'2017-04-27 12:15:20'),(11,1,'2017-04-27 12:15:20'),(14,1,'2017-04-27 12:15:20'),(4,1,'2017-04-27 12:15:20'),(1,1,'2017-04-27 12:15:20'),(7,2,'2017-04-27 12:10:10'),(10,1,'2017-04-27 12:15:26'),(7,1,'2017-04-27 12:15:26'),(8,1,'2017-04-27 12:15:26'),(13,1,'2017-04-27 12:15:26'),(6,1,'2017-04-27 12:15:26'),(2,1,'2017-04-27 12:15:26'),(5,1,'2017-04-27 12:15:26'),(1,1,'2017-04-27 12:15:26'),(11,1,'2017-04-27 12:15:26'),(3,1,'2017-04-27 12:15:26'),(10,1,'2017-04-27 13:59:02'),(7,1,'2017-04-27 13:59:02'),(8,1,'2017-04-27 13:59:02'),(13,1,'2017-04-27 13:59:02'),(6,1,'2017-04-27 13:59:02'),(2,1,'2017-04-27 13:59:02'),(9,1,'2017-04-27 13:59:02'),(14,1,'2017-04-27 13:59:02'),(1,1,'2017-04-27 13:59:02'),(3,1,'2017-04-27 13:59:02'),(7,2,'2017-04-27 13:59:02'),(10,1,'2017-04-27 13:59:05'),(7,1,'2017-04-27 13:59:05'),(8,1,'2017-04-27 13:59:05'),(13,1,'2017-04-27 13:59:05'),(6,1,'2017-04-27 13:59:05'),(4,1,'2017-04-27 13:59:05'),(14,1,'2017-04-27 13:59:05'),(5,1,'2017-04-27 13:59:05'),(9,1,'2017-04-27 13:59:05'),(1,1,'2017-04-27 13:59:05'),(4,2,'2017-04-27 13:59:05'),(10,1,'2017-04-27 13:59:08'),(7,1,'2017-04-27 13:59:08'),(8,1,'2017-04-27 13:59:08'),(13,1,'2017-04-27 13:59:08'),(6,1,'2017-04-27 13:59:08'),(11,1,'2017-04-27 13:59:08'),(2,1,'2017-04-27 13:59:08'),(15,1,'2017-04-27 13:59:08'),(5,1,'2017-04-27 13:59:08'),(1,1,'2017-04-27 13:59:08'),(10,1,'2017-04-27 13:59:18'),(7,1,'2017-04-27 13:59:18'),(8,1,'2017-04-27 13:59:18'),(13,1,'2017-04-27 13:59:18'),(6,1,'2017-04-27 13:59:18'),(3,1,'2017-04-27 13:59:18'),(14,1,'2017-04-27 13:59:18'),(2,1,'2017-04-27 13:59:18'),(12,1,'2017-04-27 13:59:18'),(4,1,'2017-04-27 13:59:18'),(4,2,'2017-04-27 13:59:18'),(10,1,'2017-04-27 13:59:21'),(7,1,'2017-04-27 13:59:21'),(8,1,'2017-04-27 13:59:21'),(13,1,'2017-04-27 13:59:21'),(6,1,'2017-04-27 13:59:21'),(1,1,'2017-04-27 13:59:21'),(4,1,'2017-04-27 13:59:21'),(5,1,'2017-04-27 13:59:21'),(2,1,'2017-04-27 13:59:21'),(12,1,'2017-04-27 13:59:21'),(4,2,'2017-04-27 13:59:21'),(10,1,'2017-04-27 13:59:22'),(7,1,'2017-04-27 13:59:22'),(8,1,'2017-04-27 13:59:22'),(13,1,'2017-04-27 13:59:22'),(12,1,'2017-04-27 13:59:22'),(14,1,'2017-04-27 13:59:22'),(3,1,'2017-04-27 13:59:22'),(4,1,'2017-04-27 13:59:22'),(6,1,'2017-04-27 13:59:22'),(15,1,'2017-04-27 13:59:22'),(14,2,'2017-04-27 13:59:22'),(10,1,'2017-04-27 13:59:22'),(7,1,'2017-04-27 13:59:22'),(8,1,'2017-04-27 13:59:22'),(13,1,'2017-04-27 13:59:22'),(9,1,'2017-04-27 13:59:22'),(14,1,'2017-04-27 13:59:22'),(11,1,'2017-04-27 13:59:22'),(1,1,'2017-04-27 13:59:22'),(2,1,'2017-04-27 13:59:22'),(3,1,'2017-04-27 13:59:22'),(11,2,'2017-04-27 13:59:22'),(10,1,'2017-04-27 13:59:23'),(7,1,'2017-04-27 13:59:23'),(8,1,'2017-04-27 13:59:23'),(13,1,'2017-04-27 13:59:23'),(15,1,'2017-04-27 13:59:23'),(1,1,'2017-04-27 13:59:23'),(3,1,'2017-04-27 13:59:23'),(12,1,'2017-04-27 13:59:23'),(4,1,'2017-04-27 13:59:23'),(6,1,'2017-04-27 13:59:23'),(12,2,'2017-04-27 13:59:23'),(10,1,'2017-04-27 13:59:24'),(7,1,'2017-04-27 13:59:24'),(8,1,'2017-04-27 13:59:24'),(13,1,'2017-04-27 13:59:24'),(9,1,'2017-04-27 13:59:24'),(2,1,'2017-04-27 13:59:24'),(15,1,'2017-04-27 13:59:24'),(5,1,'2017-04-27 13:59:24'),(11,1,'2017-04-27 13:59:24'),(14,1,'2017-04-27 13:59:24'),(2,2,'2017-04-27 13:59:24'),(10,1,'2017-04-27 13:59:25'),(7,1,'2017-04-27 13:59:25'),(8,1,'2017-04-27 13:59:25'),(13,1,'2017-04-27 13:59:25'),(5,1,'2017-04-27 13:59:25'),(11,1,'2017-04-27 13:59:25'),(2,1,'2017-04-27 13:59:25'),(4,1,'2017-04-27 13:59:25'),(12,1,'2017-04-27 13:59:25'),(9,1,'2017-04-27 13:59:25'),(2,2,'2017-04-27 13:59:25'),(10,1,'2017-04-27 13:59:26'),(7,1,'2017-04-27 13:59:26'),(8,1,'2017-04-27 13:59:26'),(13,1,'2017-04-27 13:59:26'),(6,1,'2017-04-27 13:59:26'),(11,1,'2017-04-27 13:59:26'),(15,1,'2017-04-27 13:59:26'),(9,1,'2017-04-27 13:59:26'),(5,1,'2017-04-27 13:59:26'),(3,1,'2017-04-27 13:59:26'),(5,2,'2017-04-27 13:59:26'),(10,1,'2017-04-27 13:59:27'),(7,1,'2017-04-27 13:59:27'),(8,1,'2017-04-27 13:59:27'),(13,1,'2017-04-27 13:59:27'),(6,1,'2017-04-27 13:59:27'),(15,1,'2017-04-27 13:59:27'),(3,1,'2017-04-27 13:59:27'),(1,1,'2017-04-27 13:59:27'),(11,1,'2017-04-27 13:59:27'),(14,1,'2017-04-27 13:59:27'),(14,2,'2017-04-27 13:59:27'),(10,1,'2017-04-27 13:59:27'),(7,1,'2017-04-27 13:59:27'),(8,1,'2017-04-27 13:59:27'),(13,1,'2017-04-27 13:59:27'),(9,1,'2017-04-27 13:59:27'),(3,1,'2017-04-27 13:59:27'),(2,1,'2017-04-27 13:59:27'),(4,1,'2017-04-27 13:59:27'),(5,1,'2017-04-27 13:59:27'),(1,1,'2017-04-27 13:59:27'),(3,2,'2017-04-27 13:59:27'),(10,1,'2017-04-27 13:59:28'),(7,1,'2017-04-27 13:59:28'),(8,1,'2017-04-27 13:59:28'),(13,1,'2017-04-27 13:59:28'),(6,1,'2017-04-27 13:59:28'),(14,1,'2017-04-27 13:59:28'),(9,1,'2017-04-27 13:59:28'),(11,1,'2017-04-27 13:59:28'),(12,1,'2017-04-27 13:59:28'),(4,1,'2017-04-27 13:59:28'),(9,2,'2017-04-27 13:59:28'),(10,1,'2017-04-27 13:59:29'),(7,1,'2017-04-27 13:59:29'),(8,1,'2017-04-27 13:59:29'),(13,1,'2017-04-27 13:59:29'),(3,1,'2017-04-27 13:59:29'),(5,1,'2017-04-27 13:59:29'),(14,1,'2017-04-27 13:59:29'),(11,1,'2017-04-27 13:59:29'),(6,1,'2017-04-27 13:59:29'),(9,1,'2017-04-27 13:59:29');
/*!40000 ALTER TABLE `banner_events_history` ENABLE KEYS */;
UNLOCK TABLES;

--
-- Temporary table structure for view `v_click_banner_group`
--

DROP TABLE IF EXISTS `v_click_banner_group`;
/*!50001 DROP VIEW IF EXISTS `v_click_banner_group`*/;
SET @saved_cs_client     = @@character_set_client;
SET character_set_client = utf8;
/*!50001 CREATE TABLE `v_click_banner_group` (
  `banner_id` tinyint NOT NULL,
  `click_count` tinyint NOT NULL
) ENGINE=MyISAM */;
SET character_set_client = @saved_cs_client;

--
-- Temporary table structure for view `v_click_days_group`
--

DROP TABLE IF EXISTS `v_click_days_group`;
/*!50001 DROP VIEW IF EXISTS `v_click_days_group`*/;
SET @saved_cs_client     = @@character_set_client;
SET character_set_client = utf8;
/*!50001 CREATE TABLE `v_click_days_group` (
  `days` tinyint NOT NULL,
  `click_count` tinyint NOT NULL
) ENGINE=MyISAM */;
SET character_set_client = @saved_cs_client;

--
-- Temporary table structure for view `v_click_hours_group`
--

DROP TABLE IF EXISTS `v_click_hours_group`;
/*!50001 DROP VIEW IF EXISTS `v_click_hours_group`*/;
SET @saved_cs_client     = @@character_set_client;
SET character_set_client = utf8;
/*!50001 CREATE TABLE `v_click_hours_group` (
  `hours` tinyint NOT NULL,
  `click_count` tinyint NOT NULL
) ENGINE=MyISAM */;
SET character_set_client = @saved_cs_client;

--
-- Temporary table structure for view `v_show_banner_group`
--

DROP TABLE IF EXISTS `v_show_banner_group`;
/*!50001 DROP VIEW IF EXISTS `v_show_banner_group`*/;
SET @saved_cs_client     = @@character_set_client;
SET character_set_client = utf8;
/*!50001 CREATE TABLE `v_show_banner_group` (
  `banner_id` tinyint NOT NULL,
  `shows_count` tinyint NOT NULL
) ENGINE=MyISAM */;
SET character_set_client = @saved_cs_client;

--
-- Temporary table structure for view `v_show_days_group`
--

DROP TABLE IF EXISTS `v_show_days_group`;
/*!50001 DROP VIEW IF EXISTS `v_show_days_group`*/;
SET @saved_cs_client     = @@character_set_client;
SET character_set_client = utf8;
/*!50001 CREATE TABLE `v_show_days_group` (
  `days` tinyint NOT NULL,
  `shows_count` tinyint NOT NULL
) ENGINE=MyISAM */;
SET character_set_client = @saved_cs_client;

--
-- Temporary table structure for view `v_show_hours_group`
--

DROP TABLE IF EXISTS `v_show_hours_group`;
/*!50001 DROP VIEW IF EXISTS `v_show_hours_group`*/;
SET @saved_cs_client     = @@character_set_client;
SET character_set_client = utf8;
/*!50001 CREATE TABLE `v_show_hours_group` (
  `hours` tinyint NOT NULL,
  `shows_count` tinyint NOT NULL
) ENGINE=MyISAM */;
SET character_set_client = @saved_cs_client;

--
-- Final view structure for view `v_click_banner_group`
--

/*!50001 DROP TABLE IF EXISTS `v_click_banner_group`*/;
/*!50001 DROP VIEW IF EXISTS `v_click_banner_group`*/;
/*!50001 SET @saved_cs_client          = @@character_set_client */;
/*!50001 SET @saved_cs_results         = @@character_set_results */;
/*!50001 SET @saved_col_connection     = @@collation_connection */;
/*!50001 SET character_set_client      = utf8mb4 */;
/*!50001 SET character_set_results     = utf8mb4 */;
/*!50001 SET collation_connection      = utf8mb4_general_ci */;
/*!50001 CREATE ALGORITHM=UNDEFINED */
/*!50013 DEFINER=`pks`@`localhost` SQL SECURITY DEFINER */
/*!50001 VIEW `v_click_banner_group` AS select `banner_events_history`.`banner_id` AS `banner_id`,count(0) AS `click_count` from `banner_events_history` where (`banner_events_history`.`event_id` = 2) group by `banner_events_history`.`banner_id` */;
/*!50001 SET character_set_client      = @saved_cs_client */;
/*!50001 SET character_set_results     = @saved_cs_results */;
/*!50001 SET collation_connection      = @saved_col_connection */;

--
-- Final view structure for view `v_click_days_group`
--

/*!50001 DROP TABLE IF EXISTS `v_click_days_group`*/;
/*!50001 DROP VIEW IF EXISTS `v_click_days_group`*/;
/*!50001 SET @saved_cs_client          = @@character_set_client */;
/*!50001 SET @saved_cs_results         = @@character_set_results */;
/*!50001 SET @saved_col_connection     = @@collation_connection */;
/*!50001 SET character_set_client      = utf8mb4 */;
/*!50001 SET character_set_results     = utf8mb4 */;
/*!50001 SET collation_connection      = utf8mb4_general_ci */;
/*!50001 CREATE ALGORITHM=UNDEFINED */
/*!50013 DEFINER=`pks`@`localhost` SQL SECURITY DEFINER */
/*!50001 VIEW `v_click_days_group` AS select date_format(`banner_events_history`.`event_datetime`,'%y-%m-%d') AS `days`,count(0) AS `click_count` from `banner_events_history` where (`banner_events_history`.`event_id` = 2) group by date_format(`banner_events_history`.`event_datetime`,'%y-%m-%d') */;
/*!50001 SET character_set_client      = @saved_cs_client */;
/*!50001 SET character_set_results     = @saved_cs_results */;
/*!50001 SET collation_connection      = @saved_col_connection */;

--
-- Final view structure for view `v_click_hours_group`
--

/*!50001 DROP TABLE IF EXISTS `v_click_hours_group`*/;
/*!50001 DROP VIEW IF EXISTS `v_click_hours_group`*/;
/*!50001 SET @saved_cs_client          = @@character_set_client */;
/*!50001 SET @saved_cs_results         = @@character_set_results */;
/*!50001 SET @saved_col_connection     = @@collation_connection */;
/*!50001 SET character_set_client      = utf8mb4 */;
/*!50001 SET character_set_results     = utf8mb4 */;
/*!50001 SET collation_connection      = utf8mb4_general_ci */;
/*!50001 CREATE ALGORITHM=UNDEFINED */
/*!50013 DEFINER=`pks`@`localhost` SQL SECURITY DEFINER */
/*!50001 VIEW `v_click_hours_group` AS select date_format(`banner_events_history`.`event_datetime`,'%y-%m-%d %H') AS `hours`,count(0) AS `click_count` from `banner_events_history` where (`banner_events_history`.`event_id` = 2) group by date_format(`banner_events_history`.`event_datetime`,'%y-%m-%d %H') */;
/*!50001 SET character_set_client      = @saved_cs_client */;
/*!50001 SET character_set_results     = @saved_cs_results */;
/*!50001 SET collation_connection      = @saved_col_connection */;

--
-- Final view structure for view `v_show_banner_group`
--

/*!50001 DROP TABLE IF EXISTS `v_show_banner_group`*/;
/*!50001 DROP VIEW IF EXISTS `v_show_banner_group`*/;
/*!50001 SET @saved_cs_client          = @@character_set_client */;
/*!50001 SET @saved_cs_results         = @@character_set_results */;
/*!50001 SET @saved_col_connection     = @@collation_connection */;
/*!50001 SET character_set_client      = utf8mb4 */;
/*!50001 SET character_set_results     = utf8mb4 */;
/*!50001 SET collation_connection      = utf8mb4_general_ci */;
/*!50001 CREATE ALGORITHM=UNDEFINED */
/*!50013 DEFINER=`pks`@`localhost` SQL SECURITY DEFINER */
/*!50001 VIEW `v_show_banner_group` AS select `banner_events_history`.`banner_id` AS `banner_id`,count(0) AS `shows_count` from `banner_events_history` where (`banner_events_history`.`event_id` = 1) group by `banner_events_history`.`banner_id` */;
/*!50001 SET character_set_client      = @saved_cs_client */;
/*!50001 SET character_set_results     = @saved_cs_results */;
/*!50001 SET collation_connection      = @saved_col_connection */;

--
-- Final view structure for view `v_show_days_group`
--

/*!50001 DROP TABLE IF EXISTS `v_show_days_group`*/;
/*!50001 DROP VIEW IF EXISTS `v_show_days_group`*/;
/*!50001 SET @saved_cs_client          = @@character_set_client */;
/*!50001 SET @saved_cs_results         = @@character_set_results */;
/*!50001 SET @saved_col_connection     = @@collation_connection */;
/*!50001 SET character_set_client      = utf8mb4 */;
/*!50001 SET character_set_results     = utf8mb4 */;
/*!50001 SET collation_connection      = utf8mb4_general_ci */;
/*!50001 CREATE ALGORITHM=UNDEFINED */
/*!50013 DEFINER=`pks`@`localhost` SQL SECURITY DEFINER */
/*!50001 VIEW `v_show_days_group` AS select date_format(`banner_events_history`.`event_datetime`,'%y-%m-%d') AS `days`,count(0) AS `shows_count` from `banner_events_history` where (`banner_events_history`.`event_id` = 1) group by date_format(`banner_events_history`.`event_datetime`,'%y-%m-%d') */;
/*!50001 SET character_set_client      = @saved_cs_client */;
/*!50001 SET character_set_results     = @saved_cs_results */;
/*!50001 SET collation_connection      = @saved_col_connection */;

--
-- Final view structure for view `v_show_hours_group`
--

/*!50001 DROP TABLE IF EXISTS `v_show_hours_group`*/;
/*!50001 DROP VIEW IF EXISTS `v_show_hours_group`*/;
/*!50001 SET @saved_cs_client          = @@character_set_client */;
/*!50001 SET @saved_cs_results         = @@character_set_results */;
/*!50001 SET @saved_col_connection     = @@collation_connection */;
/*!50001 SET character_set_client      = utf8mb4 */;
/*!50001 SET character_set_results     = utf8mb4 */;
/*!50001 SET collation_connection      = utf8mb4_general_ci */;
/*!50001 CREATE ALGORITHM=UNDEFINED */
/*!50013 DEFINER=`pks`@`localhost` SQL SECURITY DEFINER */
/*!50001 VIEW `v_show_hours_group` AS select date_format(`banner_events_history`.`event_datetime`,'%y-%m-%d %H') AS `hours`,count(0) AS `shows_count` from `banner_events_history` where (`banner_events_history`.`event_id` = 1) group by date_format(`banner_events_history`.`event_datetime`,'%y-%m-%d %H') */;
/*!50001 SET character_set_client      = @saved_cs_client */;
/*!50001 SET character_set_results     = @saved_cs_results */;
/*!50001 SET collation_connection      = @saved_col_connection */;
/*!40103 SET TIME_ZONE=@OLD_TIME_ZONE */;

/*!40101 SET SQL_MODE=@OLD_SQL_MODE */;
/*!40014 SET FOREIGN_KEY_CHECKS=@OLD_FOREIGN_KEY_CHECKS */;
/*!40014 SET UNIQUE_CHECKS=@OLD_UNIQUE_CHECKS */;
/*!40101 SET CHARACTER_SET_CLIENT=@OLD_CHARACTER_SET_CLIENT */;
/*!40101 SET CHARACTER_SET_RESULTS=@OLD_CHARACTER_SET_RESULTS */;
/*!40101 SET COLLATION_CONNECTION=@OLD_COLLATION_CONNECTION */;
/*!40111 SET SQL_NOTES=@OLD_SQL_NOTES */;

-- Dump completed on 2017-04-28 17:36:05
